nim,full_name,major,year,gpa,email,phone
2300000,Farah Pratama,Ilmu Komputer,2023,3.25,apnetworkid@gmail.com,081677908498
2300001,Kevin Ananda,Ilmu Komputer,2025,3.06,kevin.ananda@gmail.com,081881832443
2300002,Dimas Wijaya,Teknik Informatika,2023,3.87,dimas.wijaya@gmail.com,082467579874
2300003,Aulia Hidayat,Teknologi Informasi,2024,3.71,aulia.hidayat@gmail.com,085021964012
2300004,Siti Sari,Teknologi Informasi,2022,2.81,siti.sari@gmail.com,084896892423
2300005,Putri Putra,Teknik Informatika,2022,2.97,putri.putra@gmail.com,085173564363
2300006,Kevin Nugroho,Sistem Informasi,2022,3.8,kevin.nugroho@gmail.com,081607529691
2300007,Budi Kusuma,Ilmu Komputer,2023,3.56,budi.kusuma@gmail.com,081588275820
2300008,Intan Kusuma,Teknik Informatika,2025,3.34,intan.kusuma@gmail.com,087994787857
2300009,Rahma Putra,Ilmu Komputer,2021,3.69,rahma.putra@gmail.com,085852845424
2300010,Yoga Ramadhan,Teknik Informatika,2024,3.91,yoga.ramadhan@gmail.com,081146611691
2300011,Aulia Hidayat,Ilmu Komputer,2021,3.26,aulia.hidayat@gmail.com,085950887186
2300012,Dinda Maulana,Teknik Informatika,2025,2.86,dinda.maulana@gmail.com,084283420361
2300013,Aditya Maulana,Ilmu Komputer,2020,3.99,aditya.maulana@gmail.com,085529741183
2300014,Kevin Maulana,Sistem Informasi,2021,2.53,kevin.maulana@gmail.com,086353171200
2300015,Fajar Nugroho,Ilmu Komputer,2024,3.7,fajar.nugroho@gmail.com,082842424508
2300016,Putri Wijaya,Teknik Komputer,2020,2.9,putri.wijaya@gmail.com,084710548171
2300017,Siti Pratama,Sistem Informasi,2024,3.59,siti.pratama@gmail.com,085670117544
2300018,Nabila Ananda,Teknik Informatika,2023,2.94,nabila.ananda@gmail.com,088379654664
2300019,Fajar Lestari,Teknik Komputer,2025,2.78,fajar.lestari@gmail.com,088444042823
2300020,Nabila Hidayat,Sistem Informasi,2020,2.97,nabila.hidayat@gmail.com,085690622948
2300021,Aditya Permata,Ilmu Komputer,2024,3.49,aditya.permata@gmail.com,081939173443
2300022,Putri Putra,Ilmu Komputer,2025,3.02,putri.putra@gmail.com,086378217990
2300023,Siti Wijaya,Sistem Informasi,2023,3.49,siti.wijaya@gmail.com,087844095050
2300024,Fajar Maulana,Ilmu Komputer,2025,3.55,fajar.maulana@gmail.com,082519068377
2300025,Budi Kusuma,Teknik Informatika,2024,3.94,budi.kusuma@gmail.com,089670184192
2300026,Yoga Lestari,Sistem Informasi,2023,3.84,yoga.lestari@gmail.com,087867101533
2300027,Rahma Wijaya,Sistem Informasi,2024,3.33,rahma.wijaya@gmail.com,083922130910
2300028,Arif Putra,Teknik Informatika,2024,3.17,arif.putra@gmail.com,086252107239
2300029,Arif Nugroho,Teknologi Informasi,2025,3.83,arif.nugroho@gmail.com,085368989507
2300030,Intan Lestari,Teknik Informatika,2025,2.87,intan.lestari@gmail.com,089772374536
2300031,Aulia Sari,Sistem Informasi,2024,3.2,aulia.sari@gmail.com,088127182887
2300032,Rafi Lestari,Teknik Komputer,2020,3.12,rafi.lestari@gmail.com,086985453506
2300033,Aulia Nugroho,Teknik Komputer,2023,2.5,aulia.nugroho@gmail.com,086004913546
2300034,Kevin Saputra,Teknik Komputer,2021,3.26,kevin.saputra@gmail.com,083522967933
2300035,Fajar Nugroho,Ilmu Komputer,2024,3.62,fajar.nugroho@gmail.com,082017785364
2300036,Kevin Pratama,Sistem Informasi,2020,3.57,kevin.pratama@gmail.com,086583612330
2300037,Dimas Hidayat,Sistem Informasi,2024,2.74,dimas.hidayat@gmail.com,087259501598
2300038,Siti Kusuma,Ilmu Komputer,2020,3.38,siti.kusuma@gmail.com,085603005350
2300039,Dinda Purnama,Ilmu Komputer,2024,3.4,dinda.purnama@gmail.com,087115767842
2300040,Rafi Hidayat,Sistem Informasi,2025,3.8,rafi.hidayat@gmail.com,081972972680
2300041,Putri Ananda,Sistem Informasi,2025,3.5,putri.ananda@gmail.com,085445993277
2300042,Farah Kusuma,Sistem Informasi,2021,3.31,farah.kusuma@gmail.com,084949305116
2300043,Rizky Hidayat,Ilmu Komputer,2023,2.92,rizky.hidayat@gmail.com,082628287978
2300044,Kevin Kusuma,Sistem Informasi,2023,3.96,kevin.kusuma@gmail.com,086995001193
2300045,Rafi Ramadhan,Teknologi Informasi,2023,3.89,rafi.ramadhan@gmail.com,089996352945
2300046,Rina Pratama,Teknologi Informasi,2025,2.77,rina.pratama@gmail.com,083361881205
2300047,Budi Permata,Sistem Informasi,2025,2.57,budi.permata@gmail.com,088905443488
2300048,Dinda Pratama,Ilmu Komputer,2020,3.18,dinda.pratama@gmail.com,082155805393
2300049,Intan Wijaya,Ilmu Komputer,2020,2.67,intan.wijaya@gmail.com,082206625050
2300050,Nanda Pratama,Sistem Informasi,2022,3.85,nanda.pratama@gmail.com,085350919639
2300051,Arif Ramadhan,Teknik Informatika,2020,3.04,arif.ramadhan@gmail.com,082286863258
2300052,Kevin Putra,Ilmu Komputer,2020,3.75,kevin.putra@gmail.com,088123036361
2300053,Aditya Pratama,Ilmu Komputer,2022,3.45,aditya.pratama@gmail.com,084065341098
2300054,Budi Saputra,Sistem Informasi,2021,3.87,budi.saputra@gmail.com,086574971741
2300055,Rafi Wijaya,Ilmu Komputer,2021,2.74,rafi.wijaya@gmail.com,085469346117
2300056,Dimas Pratama,Teknik Informatika,2020,2.78,dimas.pratama@gmail.com,087992276708
2300057,Arif Lestari,Teknik Komputer,2022,3.83,arif.lestari@gmail.com,082221905530
2300058,Fajar Putra,Teknik Informatika,2024,3.7,fajar.putra@gmail.com,088157133741
2300059,Rahma Putra,Teknik Komputer,2022,2.76,rahma.putra@gmail.com,088696211626
2300060,Nanda Permata,Teknik Informatika,2020,3.95,nanda.permata@gmail.com,087440878363
2300061,Budi Pratama,Ilmu Komputer,2020,3.78,budi.pratama@gmail.com,081584365292
2300062,Fajar Ramadhan,Sistem Informasi,2020,3.26,fajar.ramadhan@gmail.com,081020428317
2300063,Arif Ananda,Teknologi Informasi,2021,3.37,arif.ananda@gmail.com,088911088024
2300064,Rina Nugroho,Teknik Informatika,2024,3.49,rina.nugroho@gmail.com,088155157494
2300065,Siti Kusuma,Teknik Komputer,2023,3.86,siti.kusuma@gmail.com,086533731283
2300066,Aditya Putra,Teknik Informatika,2020,3.52,aditya.putra@gmail.com,081412854216
2300067,Yoga Saputra,Sistem Informasi,2022,2.61,yoga.saputra@gmail.com,082494828019
2300068,Andi Ananda,Teknik Komputer,2022,3.88,andi.ananda@gmail.com,083927629298
2300069,Rahma Hidayat,Teknik Komputer,2021,2.73,rahma.hidayat@gmail.com,081475994994
2300070,Yoga Ananda,Teknik Informatika,2022,2.81,yoga.ananda@gmail.com,083292677962
2300071,Dinda Pratama,Sistem Informasi,2025,3.25,dinda.pratama@gmail.com,082437413799
2300072,Nabila Maulana,Teknik Informatika,2020,2.84,nabila.maulana@gmail.com,085402683905
2300073,Rahma Maulana,Ilmu Komputer,2021,2.94,rahma.maulana@gmail.com,081699885890
2300074,Aulia Kusuma,Teknik Komputer,2020,3.25,aulia.kusuma@gmail.com,088719527576
2300075,Aditya Lestari,Ilmu Komputer,2020,3.96,aditya.lestari@gmail.com,089038379873
2300076,Budi Wijaya,Teknologi Informasi,2020,2.99,budi.wijaya@gmail.com,085473729631
2300077,Dinda Kusuma,Ilmu Komputer,2021,3.93,dinda.kusuma@gmail.com,088082670596
2300078,Nabila Hidayat,Sistem Informasi,2023,3.02,nabila.hidayat@gmail.com,087760353250
2300079,Nanda Putra,Sistem Informasi,2022,3.34,nanda.putra@gmail.com,088287368487
2300080,Rafi Lestari,Teknologi Informasi,2023,3.32,rafi.lestari@gmail.com,084937558526
2300081,Rafi Sari,Ilmu Komputer,2023,2.9,rafi.sari@gmail.com,084696120914
2300082,Dinda Lestari,Ilmu Komputer,2020,3.55,dinda.lestari@gmail.com,081483591185
2300083,Rizky Kusuma,Ilmu Komputer,2020,3.2,rizky.kusuma@gmail.com,088971967563
2300084,Intan Lestari,Sistem Informasi,2023,3.53,intan.lestari@gmail.com,083746892059
2300085,Budi Wijaya,Teknologi Informasi,2024,3.83,budi.wijaya@gmail.com,083101607391
2300086,Rafi Kusuma,Sistem Informasi,2025,3.86,rafi.kusuma@gmail.com,085341693400
2300087,Arif Sari,Ilmu Komputer,2022,2.84,arif.sari@gmail.com,084853039438
2300088,Kevin Ananda,Ilmu Komputer,2021,3.37,kevin.ananda@gmail.com,083863995431
2300089,Putri Ananda,Teknik Komputer,2023,3.86,putri.ananda@gmail.com,086756274103
2300090,Rizky Hidayat,Sistem Informasi,2023,3.97,rizky.hidayat@gmail.com,087114164857
2300091,Aulia Saputra,Sistem Informasi,2025,2.9,aulia.saputra@gmail.com,083444457004
2300092,Kevin Kusuma,Teknik Informatika,2024,3.23,kevin.kusuma@gmail.com,087510778969
2300093,Putri Pratama,Teknik Informatika,2021,2.99,putri.pratama@gmail.com,082180736482
2300094,Aulia Hidayat,Teknik Informatika,2024,3.22,aulia.hidayat@gmail.com,083595994706
2300095,Rizky Permata,Teknik Informatika,2020,2.62,rizky.permata@gmail.com,083615716531
2300096,Rafi Purnama,Teknologi Informasi,2021,3.15,rafi.purnama@gmail.com,086351296409
2300097,Siti Nugroho,Ilmu Komputer,2021,2.85,siti.nugroho@gmail.com,087725935534
2300098,Dimas Maulana,Teknik Informatika,2021,3.3,dimas.maulana@gmail.com,087148763666
2300099,Andi Purnama,Teknologi Informasi,2023,2.95,andi.purnama@gmail.com,088669976090
2300100,Siti Hidayat,Ilmu Komputer,2025,2.77,siti.hidayat@gmail.com,083152999712
2300101,Rafi Hidayat,Teknologi Informasi,2024,3.11,rafi.hidayat@gmail.com,087895848595
2300102,Dinda Purnama,Teknologi Informasi,2025,3.28,dinda.purnama@gmail.com,085540449034
2300103,Intan Putra,Teknologi Informasi,2023,2.86,intan.putra@gmail.com,087460896786
2300104,Andi Saputra,Sistem Informasi,2023,3.74,andi.saputra@gmail.com,082979237538
2300105,Andi Saputra,Teknik Komputer,2021,3.79,andi.saputra@gmail.com,089006365847
2300106,Rina Sari,Teknologi Informasi,2023,3.46,rina.sari@gmail.com,081435405176
2300107,Nanda Hidayat,Sistem Informasi,2020,3.57,nanda.hidayat@gmail.com,089621717229
2300108,Putri Sari,Sistem Informasi,2023,3.1,putri.sari@gmail.com,085719744978
2300109,Yoga Saputra,Teknologi Informasi,2023,3.39,yoga.saputra@gmail.com,089032691815
2300110,Rizky Ananda,Teknik Komputer,2022,3.94,rizky.ananda@gmail.com,088807011637
2300111,Aditya Wijaya,Teknologi Informasi,2021,2.8,aditya.wijaya@gmail.com,085329639764
2300112,Putri Permata,Sistem Informasi,2022,2.87,putri.permata@gmail.com,089521717343
2300113,Rizky Maulana,Teknik Informatika,2025,3.71,rizky.maulana@gmail.com,081265187898
2300114,Nanda Ananda,Sistem Informasi,2020,3.11,nanda.ananda@gmail.com,086754797834
2300115,Fajar Sari,Teknologi Informasi,2023,3.87,fajar.sari@gmail.com,088474348969
2300116,Aulia Ramadhan,Ilmu Komputer,2022,2.73,aulia.ramadhan@gmail.com,081130796562
2300117,Putri Ananda,Teknik Komputer,2020,3.19,putri.ananda@gmail.com,086201036931
2300118,Nabila Saputra,Teknologi Informasi,2021,2.97,nabila.saputra@gmail.com,083264297769
2300119,Aditya Permata,Sistem Informasi,2023,3.45,aditya.permata@gmail.com,088485614916
2300120,Intan Permata,Sistem Informasi,2022,2.68,intan.permata@gmail.com,088756928380
2300121,Intan Ramadhan,Ilmu Komputer,2023,3.02,intan.ramadhan@gmail.com,084115011375
2300122,Aulia Ananda,Sistem Informasi,2021,2.86,aulia.ananda@gmail.com,085947655992
2300123,Aulia Hidayat,Ilmu Komputer,2022,3.58,aulia.hidayat@gmail.com,089757375788
2300124,Fajar Kusuma,Ilmu Komputer,2025,3.37,fajar.kusuma@gmail.com,083019455219
2300125,Rahma Lestari,Teknik Informatika,2021,3.18,rahma.lestari@gmail.com,086928781869
2300126,Farah Ananda,Sistem Informasi,2024,2.56,farah.ananda@gmail.com,084660466206
2300127,Putri Nugroho,Teknik Informatika,2020,3.49,putri.nugroho@gmail.com,088544610859
2300128,Farah Wijaya,Sistem Informasi,2021,3.73,farah.wijaya@gmail.com,088089963656
2300129,Nabila Ramadhan,Ilmu Komputer,2022,3.76,nabila.ramadhan@gmail.com,081413975547
2300130,Kevin Sari,Teknologi Informasi,2022,2.59,kevin.sari@gmail.com,082109542695
2300131,Yoga Nugroho,Teknologi Informasi,2022,3.12,yoga.nugroho@gmail.com,089119894385
2300132,Rina Pratama,Teknik Komputer,2022,2.62,rina.pratama@gmail.com,084796152118
2300133,Fajar Wijaya,Ilmu Komputer,2020,2.8,fajar.wijaya@gmail.com,082997752503
2300134,Budi Nugroho,Teknik Informatika,2023,3.76,budi.nugroho@gmail.com,083458484523
2300135,Budi Wijaya,Teknologi Informasi,2024,3.62,budi.wijaya@gmail.com,088836698908
2300136,Farah Maulana,Sistem Informasi,2025,3.74,farah.maulana@gmail.com,087157003448
2300137,Rahma Ramadhan,Teknologi Informasi,2024,3.56,rahma.ramadhan@gmail.com,082148129774
2300138,Rafi Maulana,Teknik Informatika,2023,3.46,rafi.maulana@gmail.com,088588944101
2300139,Aditya Purnama,Ilmu Komputer,2024,3.94,aditya.purnama@gmail.com,089136997405
2300140,Siti Kusuma,Sistem Informasi,2022,2.59,siti.kusuma@gmail.com,086563354071
2300141,Dimas Lestari,Teknik Komputer,2021,3.62,dimas.lestari@gmail.com,088396719940
2300142,Nanda Sari,Ilmu Komputer,2020,3.82,nanda.sari@gmail.com,087260555189
2300143,Rafi Ananda,Ilmu Komputer,2020,3.08,rafi.ananda@gmail.com,086878138668
2300144,Siti Wijaya,Ilmu Komputer,2023,3.12,siti.wijaya@gmail.com,089113246260
2300145,Nanda Pratama,Ilmu Komputer,2022,3.49,nanda.pratama@gmail.com,083368347269
2300146,Rina Hidayat,Teknik Komputer,2024,3.47,rina.hidayat@gmail.com,089273065541
2300147,Rizky Nugroho,Sistem Informasi,2020,3.93,rizky.nugroho@gmail.com,088817301655
2300148,Yoga Wijaya,Teknik Komputer,2020,3.46,yoga.wijaya@gmail.com,082715956992
2300149,Nanda Nugroho,Ilmu Komputer,2022,3.71,nanda.nugroho@gmail.com,088741507317
2300150,Putri Lestari,Teknologi Informasi,2024,2.52,putri.lestari@gmail.com,082640599997
2300151,Kevin Ananda,Teknik Informatika,2021,3.27,kevin.ananda@gmail.com,083245217105
2300152,Budi Ramadhan,Teknologi Informasi,2022,3.15,budi.ramadhan@gmail.com,081315251789
2300153,Putri Permata,Sistem Informasi,2024,2.65,putri.permata@gmail.com,081072213913
2300154,Rina Hidayat,Ilmu Komputer,2021,3.02,rina.hidayat@gmail.com,089267141262
2300155,Kevin Ananda,Ilmu Komputer,2022,3.4,kevin.ananda@gmail.com,086901649819
2300156,Budi Kusuma,Teknik Informatika,2020,2.82,budi.kusuma@gmail.com,081533291727
2300157,Putri Nugroho,Sistem Informasi,2024,3.0,putri.nugroho@gmail.com,086491383958
2300158,Siti Maulana,Ilmu Komputer,2020,2.82,siti.maulana@gmail.com,088662351811
2300159,Nanda Maulana,Teknik Komputer,2023,3.05,nanda.maulana@gmail.com,086214985569
2300160,Rahma Maulana,Ilmu Komputer,2025,2.59,rahma.maulana@gmail.com,085163206032
2300161,Nabila Putra,Ilmu Komputer,2024,3.35,nabila.putra@gmail.com,081661976894
2300162,Nanda Saputra,Teknik Informatika,2022,2.65,nanda.saputra@gmail.com,086198121300
2300163,Nanda Maulana,Ilmu Komputer,2024,2.68,nanda.maulana@gmail.com,088530613491
2300164,Nanda Kusuma,Ilmu Komputer,2021,2.57,nanda.kusuma@gmail.com,085570539946
2300165,Budi Kusuma,Ilmu Komputer,2022,2.6,budi.kusuma@gmail.com,084207670299
2300166,Dinda Pratama,Ilmu Komputer,2021,3.48,dinda.pratama@gmail.com,089407689972
2300167,Rafi Hidayat,Sistem Informasi,2022,2.59,rafi.hidayat@gmail.com,089571526180
2300168,Intan Putra,Sistem Informasi,2021,3.16,intan.putra@gmail.com,082727561499
2300169,Kevin Kusuma,Teknologi Informasi,2022,3.58,kevin.kusuma@gmail.com,084016592518
2300170,Kevin Maulana,Sistem Informasi,2023,3.62,kevin.maulana@gmail.com,085811190584
2300171,Yoga Lestari,Teknik Komputer,2025,2.86,yoga.lestari@gmail.com,083374711679
2300172,Nabila Sari,Teknik Informatika,2024,3.89,nabila.sari@gmail.com,082693017020
2300173,Dinda Ramadhan,Teknik Komputer,2023,2.94,dinda.ramadhan@gmail.com,086753451734
2300174,Rina Permata,Teknologi Informasi,2021,3.09,rina.permata@gmail.com,082283570342
2300175,Nanda Nugroho,Ilmu Komputer,2020,2.77,nanda.nugroho@gmail.com,083667588187
2300176,Rahma Putra,Teknik Komputer,2020,2.93,rahma.putra@gmail.com,085009390873
2300177,Dimas Ananda,Teknik Komputer,2022,3.93,dimas.ananda@gmail.com,083983366688
2300178,Siti Permata,Ilmu Komputer,2024,3.34,siti.permata@gmail.com,088081993519
2300179,Rahma Ramadhan,Teknik Komputer,2024,3.58,rahma.ramadhan@gmail.com,087181765129
2300180,Arif Hidayat,Teknologi Informasi,2023,3.84,arif.hidayat@gmail.com,081748617803
2300181,Nabila Purnama,Sistem Informasi,2021,3.61,nabila.purnama@gmail.com,084062292961
2300182,Yoga Nugroho,Ilmu Komputer,2022,3.26,yoga.nugroho@gmail.com,081346220131
2300183,Putri Pratama,Teknik Informatika,2022,3.97,putri.pratama@gmail.com,081706430513
2300184,Intan Ramadhan,Ilmu Komputer,2020,2.83,intan.ramadhan@gmail.com,082611380399
2300185,Fajar Sari,Ilmu Komputer,2023,2.74,fajar.sari@gmail.com,086832148919
2300186,Dimas Putra,Ilmu Komputer,2021,2.66,dimas.putra@gmail.com,088416288283
2300187,Yoga Nugroho,Teknologi Informasi,2021,2.81,yoga.nugroho@gmail.com,084414120958
2300188,Nabila Purnama,Ilmu Komputer,2020,2.52,nabila.purnama@gmail.com,089414343660
2300189,Andi Pratama,Sistem Informasi,2020,3.61,andi.pratama@gmail.com,083200319042
2300190,Aditya Kusuma,Ilmu Komputer,2021,3.04,aditya.kusuma@gmail.com,087709967316
2300191,Aditya Maulana,Teknologi Informasi,2021,3.54,aditya.maulana@gmail.com,087337475434
2300192,Fajar Maulana,Ilmu Komputer,2023,2.84,fajar.maulana@gmail.com,083100265715
2300193,Nabila Purnama,Teknik Informatika,2021,2.58,nabila.purnama@gmail.com,082670681306
2300194,Farah Kusuma,Teknik Komputer,2024,3.0,farah.kusuma@gmail.com,089030562228
2300195,Arif Putra,Ilmu Komputer,2023,3.72,arif.putra@gmail.com,083974767823
2300196,Farah Purnama,Teknik Komputer,2024,2.92,farah.purnama@gmail.com,082021265611
2300197,Nabila Hidayat,Sistem Informasi,2025,3.88,nabila.hidayat@gmail.com,086952232065
2300198,Kevin Maulana,Sistem Informasi,2023,2.93,kevin.maulana@gmail.com,089649445597
2300199,Intan Kusuma,Sistem Informasi,2023,3.89,intan.kusuma@gmail.com,085793938942
2300200,Kevin Hidayat,Teknik Komputer,2020,2.64,kevin.hidayat@gmail.com,089383161823
2300201,Aditya Lestari,Teknik Komputer,2024,2.94,aditya.lestari@gmail.com,089738194531
2300202,Putri Nugroho,Teknik Komputer,2025,2.51,putri.nugroho@gmail.com,086406671918
2300203,Budi Nugroho,Teknologi Informasi,2024,2.85,budi.nugroho@gmail.com,084970259632
2300204,Andi Nugroho,Teknologi Informasi,2021,2.54,andi.nugroho@gmail.com,089244192812
2300205,Aditya Purnama,Sistem Informasi,2024,3.26,aditya.purnama@gmail.com,087627287087
2300206,Andi Pratama,Sistem Informasi,2021,3.5,andi.pratama@gmail.com,082428659340
2300207,Dimas Maulana,Ilmu Komputer,2024,2.82,dimas.maulana@gmail.com,087838853199
2300208,Farah Kusuma,Sistem Informasi,2020,3.04,farah.kusuma@gmail.com,083804817223
2300209,Aulia Nugroho,Teknik Komputer,2022,2.93,aulia.nugroho@gmail.com,084944070369
2300210,Arif Permata,Sistem Informasi,2021,2.77,arif.permata@gmail.com,081047677265
2300211,Rina Putra,Teknologi Informasi,2023,3.36,rina.putra@gmail.com,083862954438
2300212,Aditya Hidayat,Teknik Informatika,2022,3.28,aditya.hidayat@gmail.com,081042046274
2300213,Putri Ramadhan,Sistem Informasi,2025,3.65,putri.ramadhan@gmail.com,088088540523
2300214,Budi Putra,Teknologi Informasi,2025,3.09,budi.putra@gmail.com,081055832892
2300215,Arif Sari,Ilmu Komputer,2021,3.6,arif.sari@gmail.com,083187315430
2300216,Yoga Ramadhan,Ilmu Komputer,2021,3.15,yoga.ramadhan@gmail.com,085687126979
2300217,Budi Permata,Teknik Informatika,2021,3.91,budi.permata@gmail.com,082036486098
2300218,Rina Permata,Ilmu Komputer,2022,3.5,rina.permata@gmail.com,084579260935
2300219,Putri Ananda,Teknologi Informasi,2024,2.56,putri.ananda@gmail.com,086845372954
2300220,Dinda Lestari,Sistem Informasi,2024,3.03,dinda.lestari@gmail.com,084080962830
2300221,Budi Pratama,Teknik Komputer,2023,3.76,budi.pratama@gmail.com,082504893744
2300222,Aditya Ramadhan,Sistem Informasi,2024,3.94,aditya.ramadhan@gmail.com,081499955589
2300223,Andi Nugroho,Teknologi Informasi,2024,3.73,andi.nugroho@gmail.com,082688364608
2300224,Siti Maulana,Sistem Informasi,2022,3.95,siti.maulana@gmail.com,085436108845
2300225,Kevin Putra,Teknologi Informasi,2023,3.5,kevin.putra@gmail.com,081618798580
2300226,Andi Wijaya,Teknik Komputer,2020,3.11,andi.wijaya@gmail.com,088292397082
2300227,Siti Ananda,Teknologi Informasi,2021,3.29,siti.ananda@gmail.com,086198162111
2300228,Dimas Lestari,Sistem Informasi,2021,3.42,dimas.lestari@gmail.com,082169586336
2300229,Putri Kusuma,Teknik Informatika,2022,2.55,putri.kusuma@gmail.com,087147517705
2300230,Fajar Sari,Teknologi Informasi,2023,3.54,fajar.sari@gmail.com,083058860016
2300231,Fajar Sari,Sistem Informasi,2023,3.99,fajar.sari@gmail.com,082154527666
2300232,Arif Maulana,Sistem Informasi,2024,3.11,arif.maulana@gmail.com,088772462283
2300233,Nabila Ramadhan,Ilmu Komputer,2020,2.57,nabila.ramadhan@gmail.com,081467856393
2300234,Rizky Kusuma,Teknik Informatika,2025,2.66,rizky.kusuma@gmail.com,081081366946
2300235,Rizky Maulana,Sistem Informasi,2023,2.79,rizky.maulana@gmail.com,083677065017
2300236,Nanda Saputra,Sistem Informasi,2020,2.64,nanda.saputra@gmail.com,082294340764
2300237,Fajar Wijaya,Teknik Informatika,2020,2.92,fajar.wijaya@gmail.com,084490291615
2300238,Yoga Putra,Teknik Informatika,2021,2.76,yoga.putra@gmail.com,081809301329
2300239,Farah Wijaya,Teknik Informatika,2021,3.75,farah.wijaya@gmail.com,082112644617
2300240,Siti Permata,Ilmu Komputer,2023,3.68,siti.permata@gmail.com,084483446201
2300241,Aulia Ananda,Ilmu Komputer,2022,3.62,aulia.ananda@gmail.com,082591720882
2300242,Yoga Hidayat,Teknik Informatika,2020,3.26,yoga.hidayat@gmail.com,086895480385
2300243,Dimas Purnama,Teknik Informatika,2022,3.43,dimas.purnama@gmail.com,086043166881
2300244,Dinda Sari,Sistem Informasi,2021,3.16,dinda.sari@gmail.com,082142039045
2300245,Rizky Nugroho,Teknologi Informasi,2023,3.45,rizky.nugroho@gmail.com,088217761193
2300246,Siti Lestari,Teknologi Informasi,2023,3.6,siti.lestari@gmail.com,081303445358
2300247,Budi Sari,Sistem Informasi,2025,3.06,budi.sari@gmail.com,085792089137
2300248,Aditya Permata,Ilmu Komputer,2020,3.52,aditya.permata@gmail.com,083797589044
2300249,Putri Nugroho,Teknik Informatika,2025,3.34,putri.nugroho@gmail.com,081939518006
2300250,Putri Ramadhan,Teknik Informatika,2023,3.8,putri.ramadhan@gmail.com,083773983716
2300251,Fajar Maulana,Teknik Komputer,2023,3.49,fajar.maulana@gmail.com,082900031548
2300252,Yoga Permata,Teknik Informatika,2020,2.88,yoga.permata@gmail.com,089551288633
2300253,Dinda Maulana,Teknik Komputer,2022,2.54,dinda.maulana@gmail.com,083864752575
2300254,Rina Pratama,Teknologi Informasi,2024,3.82,rina.pratama@gmail.com,087001375543
2300255,Rina Kusuma,Teknik Komputer,2022,3.52,rina.kusuma@gmail.com,084434904797
2300256,Andi Ananda,Teknik Komputer,2024,3.36,andi.ananda@gmail.com,083487774872
2300257,Aulia Ramadhan,Teknik Komputer,2025,2.53,aulia.ramadhan@gmail.com,089256697407
2300258,Intan Lestari,Sistem Informasi,2022,3.4,intan.lestari@gmail.com,082029664077
2300259,Andi Wijaya,Teknik Komputer,2025,3.99,andi.wijaya@gmail.com,085135362329
2300260,Yoga Ramadhan,Teknik Informatika,2022,2.94,yoga.ramadhan@gmail.com,086129258713
2300261,Arif Saputra,Teknik Komputer,2024,2.78,arif.saputra@gmail.com,083187084702
2300262,Farah Wijaya,Teknik Komputer,2023,3.19,farah.wijaya@gmail.com,081371371656
2300263,Andi Ananda,Teknologi Informasi,2024,2.69,andi.ananda@gmail.com,088988189844
2300264,Nanda Wijaya,Teknik Komputer,2023,3.26,nanda.wijaya@gmail.com,089218455246
2300265,Intan Sari,Ilmu Komputer,2025,3.1,intan.sari@gmail.com,085669025801
2300266,Rahma Lestari,Sistem Informasi,2025,3.6,rahma.lestari@gmail.com,082110384110
2300267,Rahma Saputra,Teknik Informatika,2023,2.88,rahma.saputra@gmail.com,086311543115
2300268,Kevin Hidayat,Teknik Informatika,2020,3.54,kevin.hidayat@gmail.com,087376787676
2300269,Aulia Permata,Teknologi Informasi,2023,3.07,aulia.permata@gmail.com,081028148800
2300270,Intan Maulana,Teknik Informatika,2021,3.47,intan.maulana@gmail.com,081525415304
2300271,Andi Pratama,Teknik Komputer,2025,2.85,andi.pratama@gmail.com,086803302552
2300272,Rizky Wijaya,Sistem Informasi,2022,3.93,rizky.wijaya@gmail.com,089222862551
2300273,Nabila Nugroho,Teknik Komputer,2025,2.92,nabila.nugroho@gmail.com,089370214260
2300274,Arif Saputra,Sistem Informasi,2020,2.8,arif.saputra@gmail.com,088260436366
2300275,Nabila Nugroho,Teknik Komputer,2024,2.99,nabila.nugroho@gmail.com,082655931815
2300276,Kevin Maulana,Teknik Informatika,2021,3.51,kevin.maulana@gmail.com,085795154291
2300277,Putri Permata,Sistem Informasi,2022,2.93,putri.permata@gmail.com,085455733146
2300278,Dimas Permata,Sistem Informasi,2023,3.4,dimas.permata@gmail.com,083019423624
2300279,Fajar Nugroho,Ilmu Komputer,2022,3.19,fajar.nugroho@gmail.com,083397187491
2300280,Budi Saputra,Ilmu Komputer,2025,2.66,budi.saputra@gmail.com,084734009194
2300281,Rina Ramadhan,Teknologi Informasi,2021,3.23,rina.ramadhan@gmail.com,084282084925
2300282,Yoga Maulana,Sistem Informasi,2020,3.88,yoga.maulana@gmail.com,086858589991
2300283,Putri Ramadhan,Teknik Komputer,2021,2.64,putri.ramadhan@gmail.com,089963976584
2300284,Fajar Wijaya,Ilmu Komputer,2021,3.83,fajar.wijaya@gmail.com,087820565562
2300285,Rina Sari,Teknik Komputer,2022,3.85,rina.sari@gmail.com,088853383728
2300286,Arif Purnama,Teknologi Informasi,2021,3.3,arif.purnama@gmail.com,086497575916
2300287,Siti Saputra,Teknik Informatika,2020,2.65,siti.saputra@gmail.com,082683738243
2300288,Dimas Hidayat,Teknik Komputer,2022,3.49,dimas.hidayat@gmail.com,082634234554
2300289,Rina Nugroho,Teknik Informatika,2020,3.83,rina.nugroho@gmail.com,089360558363
2300290,Aditya Hidayat,Teknik Informatika,2021,3.6,aditya.hidayat@gmail.com,085246662011
2300291,Farah Sari,Ilmu Komputer,2025,2.71,farah.sari@gmail.com,086127192334
2300292,Nanda Kusuma,Teknologi Informasi,2024,3.77,nanda.kusuma@gmail.com,089675909111
2300293,Aditya Kusuma,Ilmu Komputer,2022,2.65,aditya.kusuma@gmail.com,084735929111
2300294,Budi Nugroho,Ilmu Komputer,2022,3.65,budi.nugroho@gmail.com,082405029482
2300295,Aulia Permata,Teknik Informatika,2021,3.9,aulia.permata@gmail.com,084948790339
2300296,Farah Lestari,Teknik Komputer,2022,3.43,farah.lestari@gmail.com,082003466581
2300297,Rafi Nugroho,Teknik Informatika,2025,3.55,rafi.nugroho@gmail.com,084081852354
2300298,Dimas Nugroho,Teknik Informatika,2021,3.57,dimas.nugroho@gmail.com,086581747644
2300299,Aulia Nugroho,Ilmu Komputer,2020,2.72,aulia.nugroho@gmail.com,088892356219
2300300,Intan Sari,Teknologi Informasi,2022,2.57,intan.sari@gmail.com,088434100745
2300301,Aulia Permata,Sistem Informasi,2021,2.91,aulia.permata@gmail.com,085973645409
2300302,Dimas Ananda,Teknologi Informasi,2025,2.96,dimas.ananda@gmail.com,081759316823
2300303,Nanda Lestari,Teknik Informatika,2025,2.78,nanda.lestari@gmail.com,088934977520
2300304,Rahma Ramadhan,Sistem Informasi,2024,3.45,rahma.ramadhan@gmail.com,082191517840
2300305,Siti Lestari,Ilmu Komputer,2023,3.13,siti.lestari@gmail.com,085656115930
2300306,Andi Purnama,Teknik Informatika,2021,2.51,andi.purnama@gmail.com,084444030576
2300307,Aulia Permata,Sistem Informasi,2023,3.84,aulia.permata@gmail.com,083126559763
2300308,Rizky Wijaya,Teknologi Informasi,2024,2.81,rizky.wijaya@gmail.com,089620997962
2300309,Budi Putra,Teknologi Informasi,2025,2.85,budi.putra@gmail.com,082989282188
2300310,Intan Permata,Ilmu Komputer,2023,2.55,intan.permata@gmail.com,081813862830
2300311,Nanda Saputra,Teknik Informatika,2023,3.79,nanda.saputra@gmail.com,087635398000
2300312,Kevin Maulana,Teknologi Informasi,2024,2.61,kevin.maulana@gmail.com,084230580058
2300313,Aditya Pratama,Teknologi Informasi,2020,2.96,aditya.pratama@gmail.com,081133514331
2300314,Rizky Kusuma,Teknik Komputer,2021,3.11,rizky.kusuma@gmail.com,088010249664
2300315,Rafi Permata,Ilmu Komputer,2020,2.92,rafi.permata@gmail.com,088252584850
2300316,Fajar Purnama,Sistem Informasi,2021,3.37,fajar.purnama@gmail.com,089261218066
2300317,Intan Putra,Ilmu Komputer,2021,3.7,intan.putra@gmail.com,085158720136
2300318,Kevin Ananda,Teknik Komputer,2020,3.99,kevin.ananda@gmail.com,081740360745
2300319,Nabila Permata,Sistem Informasi,2023,2.58,nabila.permata@gmail.com,083460838422
2300320,Nanda Wijaya,Ilmu Komputer,2023,3.83,nanda.wijaya@gmail.com,089401797345
2300321,Rahma Ananda,Teknik Informatika,2022,2.91,rahma.ananda@gmail.com,084178615274
2300322,Rizky Saputra,Ilmu Komputer,2022,3.55,rizky.saputra@gmail.com,083174718274
2300323,Rahma Permata,Teknik Informatika,2024,3.91,rahma.permata@gmail.com,087884148697
2300324,Farah Pratama,Teknik Komputer,2023,2.8,farah.pratama@gmail.com,084960580785
2300325,Putri Kusuma,Teknologi Informasi,2024,3.24,putri.kusuma@gmail.com,084704548158
2300326,Rahma Permata,Teknologi Informasi,2025,3.05,rahma.permata@gmail.com,088193021546
2300327,Aditya Hidayat,Ilmu Komputer,2021,3.02,aditya.hidayat@gmail.com,089019796909
2300328,Aulia Purnama,Teknik Informatika,2020,2.67,aulia.purnama@gmail.com,081317572402
2300329,Fajar Permata,Sistem Informasi,2023,2.62,fajar.permata@gmail.com,088998100969
2300330,Rahma Hidayat,Teknologi Informasi,2025,3.25,rahma.hidayat@gmail.com,084812511493
2300331,Siti Purnama,Teknik Informatika,2020,3.36,siti.purnama@gmail.com,089881044003
2300332,Aditya Kusuma,Teknik Informatika,2022,3.69,aditya.kusuma@gmail.com,088022871998
2300333,Andi Putra,Teknik Informatika,2021,3.38,andi.putra@gmail.com,084509029207
2300334,Siti Nugroho,Teknik Informatika,2023,3.17,siti.nugroho@gmail.com,089155102030
2300335,Andi Wijaya,Teknik Informatika,2022,3.74,andi.wijaya@gmail.com,081731845638
2300336,Nanda Kusuma,Teknik Komputer,2021,2.93,nanda.kusuma@gmail.com,089677800634
2300337,Kevin Ananda,Teknik Informatika,2024,3.55,kevin.ananda@gmail.com,082674006316
2300338,Nanda Permata,Teknologi Informasi,2023,2.7,nanda.permata@gmail.com,089420463462
2300339,Farah Wijaya,Teknik Komputer,2024,3.55,farah.wijaya@gmail.com,083324627398
2300340,Dimas Hidayat,Teknologi Informasi,2025,3.8,dimas.hidayat@gmail.com,089278539720
2300341,Budi Pratama,Ilmu Komputer,2021,3.66,budi.pratama@gmail.com,089232228519
2300342,Rahma Kusuma,Ilmu Komputer,2022,3.53,rahma.kusuma@gmail.com,089659916964
2300343,Andi Permata,Teknik Informatika,2025,2.59,andi.permata@gmail.com,088579784829
2300344,Dimas Saputra,Ilmu Komputer,2023,3.6,dimas.saputra@gmail.com,089105580840
2300345,Kevin Nugroho,Teknik Informatika,2021,3.04,kevin.nugroho@gmail.com,086183310188
2300346,Yoga Purnama,Sistem Informasi,2023,3.55,yoga.purnama@gmail.com,086245265841
2300347,Aditya Purnama,Ilmu Komputer,2020,2.53,aditya.purnama@gmail.com,083171392811
2300348,Andi Pratama,Teknik Informatika,2022,3.27,andi.pratama@gmail.com,081500484299
2300349,Aditya Hidayat,Ilmu Komputer,2021,3.31,aditya.hidayat@gmail.com,085297028092
2300350,Nabila Ananda,Teknik Informatika,2022,2.72,nabila.ananda@gmail.com,086495742043
2300351,Nanda Ramadhan,Sistem Informasi,2024,2.58,nanda.ramadhan@gmail.com,086917760713
2300352,Rina Ramadhan,Teknik Komputer,2021,3.84,rina.ramadhan@gmail.com,088497909649
2300353,Rahma Kusuma,Sistem Informasi,2023,2.63,rahma.kusuma@gmail.com,082513031496
2300354,Kevin Nugroho,Ilmu Komputer,2022,3.75,kevin.nugroho@gmail.com,087064792126
2300355,Andi Lestari,Teknik Komputer,2023,3.4,andi.lestari@gmail.com,082020511635
2300356,Andi Wijaya,Ilmu Komputer,2022,3.04,andi.wijaya@gmail.com,083435335967
2300357,Putri Pratama,Teknik Informatika,2020,3.39,putri.pratama@gmail.com,082427042542
2300358,Dinda Hidayat,Sistem Informasi,2025,3.81,dinda.hidayat@gmail.com,087176858464
2300359,Andi Saputra,Ilmu Komputer,2023,3.5,andi.saputra@gmail.com,086848514846
2300360,Rafi Putra,Teknik Informatika,2021,3.88,rafi.putra@gmail.com,085899929910
2300361,Aditya Sari,Sistem Informasi,2025,3.61,aditya.sari@gmail.com,087657882529
2300362,Dimas Nugroho,Teknik Komputer,2024,2.82,dimas.nugroho@gmail.com,082064031968
2300363,Aditya Lestari,Sistem Informasi,2021,3.06,aditya.lestari@gmail.com,086610066862
2300364,Aditya Kusuma,Ilmu Komputer,2021,3.31,aditya.kusuma@gmail.com,087070463879
2300365,Rizky Putra,Teknologi Informasi,2021,2.88,rizky.putra@gmail.com,088506984379
2300366,Siti Kusuma,Ilmu Komputer,2022,3.2,siti.kusuma@gmail.com,081350900192
2300367,Putri Ramadhan,Teknologi Informasi,2023,2.74,putri.ramadhan@gmail.com,089710841713
2300368,Rahma Sari,Teknik Komputer,2022,3.86,rahma.sari@gmail.com,081882939257
2300369,Arif Lestari,Sistem Informasi,2024,3.27,arif.lestari@gmail.com,083449787567
2300370,Nanda Wijaya,Teknik Informatika,2020,3.89,nanda.wijaya@gmail.com,082697521119
2300371,Rina Maulana,Teknik Komputer,2024,3.38,rina.maulana@gmail.com,082195283772
2300372,Dinda Ananda,Sistem Informasi,2021,2.94,dinda.ananda@gmail.com,082259471929
2300373,Nanda Maulana,Teknik Informatika,2021,2.92,nanda.maulana@gmail.com,082869578860
2300374,Nabila Lestari,Teknologi Informasi,2025,3.7,nabila.lestari@gmail.com,081035204548
2300375,Arif Saputra,Teknik Informatika,2023,2.97,arif.saputra@gmail.com,082727675138
2300376,Aditya Maulana,Teknik Komputer,2020,2.76,aditya.maulana@gmail.com,083551854159
2300377,Aditya Pratama,Ilmu Komputer,2023,3.3,aditya.pratama@gmail.com,081689601161
2300378,Dimas Nugroho,Teknologi Informasi,2022,3.7,dimas.nugroho@gmail.com,083206532425
2300379,Putri Saputra,Ilmu Komputer,2024,3.37,putri.saputra@gmail.com,087860206971
2300380,Rizky Sari,Ilmu Komputer,2023,2.81,rizky.sari@gmail.com,082929965071
2300381,Siti Ramadhan,Teknik Komputer,2022,3.98,siti.ramadhan@gmail.com,084527774196
2300382,Dinda Maulana,Ilmu Komputer,2021,3.86,dinda.maulana@gmail.com,082665330478
2300383,Farah Ananda,Teknik Informatika,2025,3.62,farah.ananda@gmail.com,083400556091
2300384,Putri Lestari,Teknik Informatika,2022,2.98,putri.lestari@gmail.com,082219045722
2300385,Siti Kusuma,Teknologi Informasi,2024,3.47,siti.kusuma@gmail.com,084699104816
2300386,Nanda Pratama,Teknik Komputer,2024,3.99,nanda.pratama@gmail.com,083731576667
2300387,Arif Permata,Teknik Informatika,2020,3.19,arif.permata@gmail.com,081212503319
2300388,Arif Lestari,Ilmu Komputer,2022,2.81,arif.lestari@gmail.com,089163065491
2300389,Rizky Hidayat,Sistem Informasi,2023,2.85,rizky.hidayat@gmail.com,081786608631
2300390,Dimas Purnama,Teknik Informatika,2024,3.9,dimas.purnama@gmail.com,082899019180
2300391,Siti Wijaya,Teknologi Informasi,2024,3.78,siti.wijaya@gmail.com,081553302693
2300392,Dinda Ananda,Ilmu Komputer,2024,3.16,dinda.ananda@gmail.com,082452373952
2300393,Dinda Hidayat,Teknik Komputer,2022,3.03,dinda.hidayat@gmail.com,087187763408
2300394,Andi Nugroho,Ilmu Komputer,2022,3.78,andi.nugroho@gmail.com,087669133992
2300395,Siti Wijaya,Teknologi Informasi,2024,3.57,siti.wijaya@gmail.com,081440631263
2300396,Andi Ananda,Teknik Komputer,2022,3.99,andi.ananda@gmail.com,084002582292
2300397,Rahma Saputra,Teknik Komputer,2021,3.34,rahma.saputra@gmail.com,081063159790
2300398,Nanda Hidayat,Teknik Informatika,2020,3.23,nanda.hidayat@gmail.com,084775562846
2300399,Dinda Maulana,Teknologi Informasi,2025,3.82,dinda.maulana@gmail.com,089300750427
2300400,Intan Purnama,Teknik Informatika,2024,3.7,intan.purnama@gmail.com,082770607644
2300401,Aulia Ramadhan,Teknik Komputer,2021,3.62,aulia.ramadhan@gmail.com,081395520664
2300402,Aulia Purnama,Ilmu Komputer,2024,3.78,aulia.purnama@gmail.com,086367969839
2300403,Dimas Kusuma,Teknik Komputer,2025,2.52,dimas.kusuma@gmail.com,086263541018
2300404,Dinda Sari,Teknik Komputer,2023,3.64,dinda.sari@gmail.com,082234131821
2300405,Dinda Ananda,Teknologi Informasi,2022,2.72,dinda.ananda@gmail.com,086837610477
2300406,Budi Ananda,Teknologi Informasi,2024,3.27,budi.ananda@gmail.com,081217917974
2300407,Andi Hidayat,Ilmu Komputer,2024,3.42,andi.hidayat@gmail.com,086771387915
2300408,Siti Hidayat,Teknologi Informasi,2020,3.32,siti.hidayat@gmail.com,089513075139
2300409,Nabila Wijaya,Ilmu Komputer,2023,3.68,nabila.wijaya@gmail.com,083698608614
2300410,Budi Lestari,Teknologi Informasi,2025,2.85,budi.lestari@gmail.com,086234492475
2300411,Arif Maulana,Teknik Komputer,2021,3.72,arif.maulana@gmail.com,084561089030
2300412,Dinda Purnama,Teknik Komputer,2025,3.62,dinda.purnama@gmail.com,085552313345
2300413,Rahma Hidayat,Teknologi Informasi,2025,3.45,rahma.hidayat@gmail.com,088729096429
2300414,Aulia Pratama,Teknologi Informasi,2020,3.91,aulia.pratama@gmail.com,089608237260
2300415,Rizky Saputra,Teknik Informatika,2020,3.96,rizky.saputra@gmail.com,083196282054
2300416,Dimas Pratama,Teknologi Informasi,2020,2.9,dimas.pratama@gmail.com,084454263294
2300417,Rizky Hidayat,Sistem Informasi,2023,3.44,rizky.hidayat@gmail.com,089341061673
2300418,Farah Purnama,Sistem Informasi,2024,3.98,farah.purnama@gmail.com,083180241641
2300419,Kevin Ananda,Ilmu Komputer,2022,2.9,kevin.ananda@gmail.com,086899069797
2300420,Rahma Kusuma,Teknik Informatika,2022,3.75,rahma.kusuma@gmail.com,084000492184
2300421,Rina Saputra,Teknologi Informasi,2025,2.61,rina.saputra@gmail.com,081017385227
2300422,Nabila Purnama,Teknik Informatika,2020,3.48,nabila.purnama@gmail.com,089212888032
2300423,Nanda Kusuma,Ilmu Komputer,2021,2.82,nanda.kusuma@gmail.com,086107082305
2300424,Andi Putra,Ilmu Komputer,2024,3.31,andi.putra@gmail.com,087123614995
2300425,Dimas Purnama,Sistem Informasi,2025,3.26,dimas.purnama@gmail.com,084932914376
2300426,Rafi Pratama,Teknologi Informasi,2021,3.95,rafi.pratama@gmail.com,088724658861
2300427,Arif Sari,Teknologi Informasi,2024,3.8,arif.sari@gmail.com,088289685702
2300428,Nanda Sari,Teknik Komputer,2023,3.26,nanda.sari@gmail.com,084010771784
2300429,Budi Putra,Teknik Komputer,2021,2.5,budi.putra@gmail.com,089600871800
2300430,Rizky Purnama,Teknik Informatika,2020,3.72,rizky.purnama@gmail.com,083298640106
2300431,Budi Saputra,Sistem Informasi,2024,3.35,budi.saputra@gmail.com,082549231818
2300432,Rafi Kusuma,Sistem Informasi,2025,3.62,rafi.kusuma@gmail.com,081522443087
2300433,Aulia Permata,Teknologi Informasi,2023,2.78,aulia.permata@gmail.com,085574642211
2300434,Nabila Kusuma,Sistem Informasi,2023,3.46,nabila.kusuma@gmail.com,084334366788
2300435,Dimas Putra,Ilmu Komputer,2023,3.09,dimas.putra@gmail.com,084365541352
2300436,Rafi Lestari,Teknik Komputer,2023,3.19,rafi.lestari@gmail.com,086085489450
2300437,Aulia Lestari,Teknik Informatika,2021,3.25,aulia.lestari@gmail.com,085308872568
2300438,Nabila Ramadhan,Sistem Informasi,2023,3.89,nabila.ramadhan@gmail.com,088144874070
2300439,Rahma Ramadhan,Sistem Informasi,2025,2.86,rahma.ramadhan@gmail.com,087316955751
2300440,Rina Saputra,Teknologi Informasi,2022,3.58,rina.saputra@gmail.com,089368175273
2300441,Kevin Hidayat,Teknik Komputer,2024,3.66,kevin.hidayat@gmail.com,082237289816
2300442,Rahma Putra,Teknik Informatika,2023,3.5,rahma.putra@gmail.com,086774018943
2300443,Aditya Sari,Sistem Informasi,2020,2.53,aditya.sari@gmail.com,088443266310
2300444,Yoga Permata,Teknik Informatika,2023,2.87,yoga.permata@gmail.com,088275966938
2300445,Kevin Ramadhan,Teknologi Informasi,2021,3.47,kevin.ramadhan@gmail.com,082206669919
2300446,Arif Saputra,Sistem Informasi,2021,3.89,arif.saputra@gmail.com,084557602579
2300447,Rizky Maulana,Sistem Informasi,2024,3.98,rizky.maulana@gmail.com,087680297516
2300448,Rafi Purnama,Teknologi Informasi,2021,3.29,rafi.purnama@gmail.com,086450784554
2300449,Siti Ananda,Ilmu Komputer,2025,3.61,siti.ananda@gmail.com,089974779779
2300450,Budi Sari,Teknik Informatika,2021,3.62,budi.sari@gmail.com,087714461077
2300451,Aulia Sari,Teknik Informatika,2023,3.47,aulia.sari@gmail.com,083570066727
2300452,Andi Nugroho,Teknik Informatika,2024,2.51,andi.nugroho@gmail.com,081043326046
2300453,Rizky Saputra,Sistem Informasi,2025,3.24,rizky.saputra@gmail.com,082094513351
2300454,Aulia Purnama,Sistem Informasi,2025,3.94,aulia.purnama@gmail.com,088514007848
2300455,Dimas Maulana,Sistem Informasi,2021,2.69,dimas.maulana@gmail.com,086370388516
2300456,Fajar Ananda,Teknologi Informasi,2022,2.84,fajar.ananda@gmail.com,084774364545
2300457,Rizky Purnama,Sistem Informasi,2023,2.95,rizky.purnama@gmail.com,089199011024
2300458,Arif Lestari,Sistem Informasi,2024,3.8,arif.lestari@gmail.com,087977013831
2300459,Rafi Putra,Teknik Informatika,2025,3.79,rafi.putra@gmail.com,087072113941
2300460,Rina Pratama,Teknologi Informasi,2025,2.62,rina.pratama@gmail.com,084581081589
2300461,Fajar Wijaya,Ilmu Komputer,2022,2.81,fajar.wijaya@gmail.com,086923169154
2300462,Dinda Wijaya,Sistem Informasi,2024,3.86,dinda.wijaya@gmail.com,083902040624
2300463,Nabila Maulana,Teknik Informatika,2021,3.57,nabila.maulana@gmail.com,087143329501
2300464,Aditya Kusuma,Teknik Komputer,2021,2.85,aditya.kusuma@gmail.com,087968951655
2300465,Yoga Kusuma,Sistem Informasi,2024,3.7,yoga.kusuma@gmail.com,082252378975
2300466,Farah Saputra,Sistem Informasi,2023,2.63,farah.saputra@gmail.com,089236889988
2300467,Arif Kusuma,Sistem Informasi,2020,2.89,arif.kusuma@gmail.com,081597984826
2300468,Rina Sari,Teknologi Informasi,2021,2.64,rina.sari@gmail.com,081137713772
2300469,Farah Saputra,Teknik Informatika,2023,3.74,farah.saputra@gmail.com,083832121741
2300470,Putri Purnama,Teknik Komputer,2020,3.49,putri.purnama@gmail.com,088408467605
2300471,Nabila Nugroho,Ilmu Komputer,2023,3.93,nabila.nugroho@gmail.com,085300128487
2300472,Aulia Lestari,Teknologi Informasi,2021,3.13,aulia.lestari@gmail.com,082951218404
2300473,Intan Permata,Ilmu Komputer,2023,3.41,intan.permata@gmail.com,085891738216
2300474,Rizky Kusuma,Teknologi Informasi,2024,3.9,rizky.kusuma@gmail.com,089575278564
2300475,Putri Nugroho,Sistem Informasi,2024,2.57,putri.nugroho@gmail.com,085333473758
2300476,Dimas Ananda,Ilmu Komputer,2020,3.51,dimas.ananda@gmail.com,083706168593
2300477,Dinda Ananda,Teknologi Informasi,2024,3.4,dinda.ananda@gmail.com,082250315425
2300478,Rizky Ramadhan,Teknik Informatika,2024,2.99,rizky.ramadhan@gmail.com,083745743108
2300479,Dimas Nugroho,Ilmu Komputer,2022,3.35,dimas.nugroho@gmail.com,088319673040
2300480,Dinda Maulana,Ilmu Komputer,2020,3.42,dinda.maulana@gmail.com,081403571031
2300481,Rina Putra,Ilmu Komputer,2021,3.64,rina.putra@gmail.com,082056653106
2300482,Siti Nugroho,Teknik Informatika,2023,3.66,siti.nugroho@gmail.com,085464384756
2300483,Rafi Maulana,Ilmu Komputer,2020,3.19,rafi.maulana@gmail.com,088818789441
2300484,Nanda Maulana,Teknik Informatika,2022,3.95,nanda.maulana@gmail.com,087036704189
2300485,Budi Saputra,Teknik Informatika,2021,3.16,budi.saputra@gmail.com,085884203875
2300486,Yoga Maulana,Sistem Informasi,2020,3.57,yoga.maulana@gmail.com,088348889731
2300487,Arif Putra,Sistem Informasi,2023,3.19,arif.putra@gmail.com,087300037247
2300488,Rahma Kusuma,Sistem Informasi,2021,3.0,rahma.kusuma@gmail.com,082366518000
2300489,Budi Nugroho,Teknik Informatika,2024,3.16,budi.nugroho@gmail.com,089250910798
2300490,Arif Sari,Sistem Informasi,2023,3.68,arif.sari@gmail.com,087400396055
2300491,Siti Wijaya,Teknik Informatika,2022,3.38,siti.wijaya@gmail.com,086957266731
2300492,Budi Hidayat,Teknologi Informasi,2025,3.93,budi.hidayat@gmail.com,087459143567
2300493,Aulia Saputra,Teknik Komputer,2020,3.56,aulia.saputra@gmail.com,081621026319
2300494,Rafi Pratama,Sistem Informasi,2020,2.91,rafi.pratama@gmail.com,089485641362
2300495,Budi Ananda,Sistem Informasi,2020,2.68,budi.ananda@gmail.com,086763218121
2300496,Rafi Ramadhan,Sistem Informasi,2025,2.62,rafi.ramadhan@gmail.com,085503046229
2300497,Rahma Hidayat,Teknik Komputer,2020,3.7,rahma.hidayat@gmail.com,082274677551
2300498,Rahma Ramadhan,Ilmu Komputer,2021,3.62,rahma.ramadhan@gmail.com,087853550391
2300499,Rina Ramadhan,Teknologi Informasi,2023,2.63,rina.ramadhan@gmail.com,086731464107
2300500,Arif Nugroho,Teknologi Informasi,2021,3.11,arif.nugroho@gmail.com,083579091400
2300501,Yoga Saputra,Ilmu Komputer,2022,2.79,yoga.saputra@gmail.com,085207883162
2300502,Aulia Purnama,Teknik Komputer,2020,2.87,aulia.purnama@gmail.com,085468160932
2300503,Farah Hidayat,Ilmu Komputer,2022,2.5,farah.hidayat@gmail.com,081051789521
2300504,Aditya Pratama,Teknologi Informasi,2023,2.81,aditya.pratama@gmail.com,083019676234
2300505,Intan Nugroho,Sistem Informasi,2023,3.85,intan.nugroho@gmail.com,084112807608
2300506,Intan Hidayat,Teknik Komputer,2022,3.56,intan.hidayat@gmail.com,087897258872
2300507,Aulia Ananda,Ilmu Komputer,2025,3.11,aulia.ananda@gmail.com,089650671549
2300508,Budi Saputra,Sistem Informasi,2020,3.92,budi.saputra@gmail.com,085057666624
2300509,Kevin Wijaya,Ilmu Komputer,2024,3.29,kevin.wijaya@gmail.com,082306019271
2300510,Intan Kusuma,Teknologi Informasi,2022,3.3,intan.kusuma@gmail.com,086791324555
2300511,Aulia Pratama,Sistem Informasi,2021,3.41,aulia.pratama@gmail.com,087253901621
2300512,Farah Nugroho,Teknik Komputer,2020,3.47,farah.nugroho@gmail.com,082609277403
2300513,Dinda Maulana,Teknik Komputer,2024,3.99,dinda.maulana@gmail.com,087465773303
2300514,Nabila Hidayat,Teknik Informatika,2021,3.02,nabila.hidayat@gmail.com,086701319626
2300515,Nanda Permata,Sistem Informasi,2020,3.43,nanda.permata@gmail.com,085468768097
2300516,Intan Putra,Sistem Informasi,2022,3.38,intan.putra@gmail.com,084275773659
2300517,Intan Lestari,Teknik Informatika,2022,3.75,intan.lestari@gmail.com,089607625382
2300518,Aulia Putra,Teknik Komputer,2021,3.72,aulia.putra@gmail.com,088276273854
2300519,Andi Kusuma,Ilmu Komputer,2021,3.35,andi.kusuma@gmail.com,087084550430
2300520,Andi Sari,Teknik Komputer,2021,3.12,andi.sari@gmail.com,088766057629
2300521,Kevin Wijaya,Teknologi Informasi,2020,3.81,kevin.wijaya@gmail.com,081313165751
2300522,Dimas Pratama,Teknik Komputer,2022,3.76,dimas.pratama@gmail.com,085495483757
2300523,Farah Saputra,Teknik Komputer,2021,3.87,farah.saputra@gmail.com,086625022532
2300524,Nabila Maulana,Teknik Komputer,2022,3.84,nabila.maulana@gmail.com,083281186057
2300525,Dimas Maulana,Ilmu Komputer,2020,3.97,dimas.maulana@gmail.com,081784485222
2300526,Nabila Purnama,Teknik Komputer,2022,3.17,nabila.purnama@gmail.com,088598801753
2300527,Aditya Wijaya,Sistem Informasi,2020,3.89,aditya.wijaya@gmail.com,087166483209
2300528,Rizky Pratama,Ilmu Komputer,2023,3.89,rizky.pratama@gmail.com,084397063380
2300529,Intan Nugroho,Teknik Komputer,2025,3.98,intan.nugroho@gmail.com,088732781056
2300530,Rahma Permata,Sistem Informasi,2025,2.84,rahma.permata@gmail.com,087583754648
2300531,Rina Ramadhan,Teknik Komputer,2025,2.87,rina.ramadhan@gmail.com,089837280833
2300532,Putri Pratama,Ilmu Komputer,2021,3.2,putri.pratama@gmail.com,081038615673
2300533,Aditya Ananda,Teknik Komputer,2021,2.65,aditya.ananda@gmail.com,088592353297
2300534,Yoga Lestari,Sistem Informasi,2021,3.86,yoga.lestari@gmail.com,087501148953
2300535,Arif Ananda,Teknik Informatika,2024,2.62,arif.ananda@gmail.com,081629031521
2300536,Putri Hidayat,Ilmu Komputer,2021,3.3,putri.hidayat@gmail.com,089521484509
2300537,Rafi Purnama,Teknik Informatika,2021,2.69,rafi.purnama@gmail.com,086073429772
2300538,Dinda Ananda,Ilmu Komputer,2022,3.8,dinda.ananda@gmail.com,085048001803
2300539,Kevin Nugroho,Ilmu Komputer,2025,2.92,kevin.nugroho@gmail.com,082344773171
2300540,Fajar Ananda,Teknik Komputer,2021,2.57,fajar.ananda@gmail.com,088756428445
2300541,Fajar Ramadhan,Teknologi Informasi,2022,3.61,fajar.ramadhan@gmail.com,082959441150
2300542,Siti Permata,Sistem Informasi,2020,3.86,siti.permata@gmail.com,083926007573
2300543,Rina Wijaya,Sistem Informasi,2024,3.88,rina.wijaya@gmail.com,083492018801
2300544,Dimas Pratama,Teknik Komputer,2022,2.89,dimas.pratama@gmail.com,081077778794
2300545,Rahma Pratama,Ilmu Komputer,2025,2.87,rahma.pratama@gmail.com,082668802161
2300546,Farah Pratama,Sistem Informasi,2024,2.98,farah.pratama@gmail.com,084328097665
2300547,Kevin Wijaya,Ilmu Komputer,2021,3.24,kevin.wijaya@gmail.com,082860804743
2300548,Fajar Ramadhan,Sistem Informasi,2025,3.28,fajar.ramadhan@gmail.com,085012878823
2300549,Nanda Hidayat,Ilmu Komputer,2022,3.41,nanda.hidayat@gmail.com,086945515572
2300550,Nanda Saputra,Teknologi Informasi,2022,3.75,nanda.saputra@gmail.com,087892895950
2300551,Rahma Pratama,Sistem Informasi,2023,2.66,rahma.pratama@gmail.com,088487889942
2300552,Aulia Ramadhan,Teknik Informatika,2025,3.64,aulia.ramadhan@gmail.com,082158868245
2300553,Rahma Pratama,Ilmu Komputer,2020,3.28,rahma.pratama@gmail.com,088555717702
2300554,Arif Nugroho,Teknik Informatika,2024,2.89,arif.nugroho@gmail.com,081933949917
2300555,Aditya Saputra,Teknologi Informasi,2020,2.81,aditya.saputra@gmail.com,082132572351
2300556,Farah Kusuma,Teknik Komputer,2020,3.21,farah.kusuma@gmail.com,082658769846
2300557,Dinda Sari,Sistem Informasi,2025,3.26,dinda.sari@gmail.com,088843050244
2300558,Yoga Putra,Ilmu Komputer,2020,2.63,yoga.putra@gmail.com,088125396129
2300559,Kevin Putra,Teknik Informatika,2024,3.04,kevin.putra@gmail.com,087843560635
2300560,Nanda Maulana,Teknik Komputer,2025,3.21,nanda.maulana@gmail.com,083014249862
2300561,Farah Saputra,Ilmu Komputer,2024,3.06,farah.saputra@gmail.com,085334608941
2300562,Rina Putra,Teknologi Informasi,2020,3.57,rina.putra@gmail.com,081369233198
2300563,Putri Ramadhan,Teknologi Informasi,2025,3.83,putri.ramadhan@gmail.com,087133263771
2300564,Aditya Purnama,Teknologi Informasi,2024,2.58,aditya.purnama@gmail.com,085330992769
2300565,Rahma Kusuma,Ilmu Komputer,2021,3.82,rahma.kusuma@gmail.com,082581664380
2300566,Rafi Ananda,Teknik Informatika,2023,3.62,rafi.ananda@gmail.com,085163628394
2300567,Aditya Nugroho,Teknologi Informasi,2023,3.62,aditya.nugroho@gmail.com,085567179795
2300568,Rahma Wijaya,Teknik Komputer,2024,3.92,rahma.wijaya@gmail.com,085308261252
2300569,Fajar Pratama,Teknik Informatika,2025,2.79,fajar.pratama@gmail.com,082141615424
2300570,Budi Maulana,Teknik Komputer,2024,2.64,budi.maulana@gmail.com,086477821691
2300571,Aditya Lestari,Ilmu Komputer,2021,3.61,aditya.lestari@gmail.com,086781888990
2300572,Aulia Saputra,Ilmu Komputer,2024,3.92,aulia.saputra@gmail.com,081925162764
2300573,Aulia Ramadhan,Teknik Komputer,2022,3.7,aulia.ramadhan@gmail.com,084371697927
2300574,Nabila Sari,Sistem Informasi,2023,3.79,nabila.sari@gmail.com,086058856808
2300575,Siti Ananda,Ilmu Komputer,2022,3.15,siti.ananda@gmail.com,081017752150
2300576,Siti Wijaya,Ilmu Komputer,2022,3.19,siti.wijaya@gmail.com,085573958487
2300577,Rina Pratama,Teknologi Informasi,2020,3.49,rina.pratama@gmail.com,088370246208
2300578,Rahma Putra,Teknologi Informasi,2023,2.63,rahma.putra@gmail.com,089252058115
2300579,Arif Putra,Sistem Informasi,2022,3.65,arif.putra@gmail.com,085244009409
2300580,Aulia Saputra,Sistem Informasi,2025,2.67,aulia.saputra@gmail.com,087664956793
2300581,Putri Kusuma,Ilmu Komputer,2025,3.04,putri.kusuma@gmail.com,085791180202
2300582,Farah Hidayat,Sistem Informasi,2025,2.69,farah.hidayat@gmail.com,086288158932
2300583,Yoga Saputra,Sistem Informasi,2024,2.74,yoga.saputra@gmail.com,085407420391
2300584,Nabila Permata,Sistem Informasi,2024,2.94,nabila.permata@gmail.com,081414651205
2300585,Kevin Putra,Teknik Komputer,2025,3.84,kevin.putra@gmail.com,084266603253
2300586,Aulia Putra,Sistem Informasi,2024,3.94,aulia.putra@gmail.com,083019595441
2300587,Nanda Putra,Teknik Komputer,2024,2.58,nanda.putra@gmail.com,088129597263
2300588,Aulia Purnama,Teknologi Informasi,2024,2.75,aulia.purnama@gmail.com,084207606459
2300589,Fajar Ananda,Ilmu Komputer,2023,3.29,fajar.ananda@gmail.com,081951015710
2300590,Dinda Ramadhan,Teknik Komputer,2025,2.71,dinda.ramadhan@gmail.com,088435505230
2300591,Yoga Maulana,Ilmu Komputer,2024,3.57,yoga.maulana@gmail.com,084693370730
2300592,Dimas Hidayat,Ilmu Komputer,2024,3.47,dimas.hidayat@gmail.com,081338370714
2300593,Rafi Ramadhan,Sistem Informasi,2021,3.58,rafi.ramadhan@gmail.com,081781425357
2300594,Yoga Nugroho,Teknik Komputer,2024,3.82,yoga.nugroho@gmail.com,085388685737
2300595,Farah Saputra,Teknik Informatika,2024,3.51,farah.saputra@gmail.com,083778870217
2300596,Aulia Hidayat,Sistem Informasi,2022,2.84,aulia.hidayat@gmail.com,086572998943
2300597,Putri Nugroho,Teknik Komputer,2022,3.62,putri.nugroho@gmail.com,086804384403
2300598,Farah Maulana,Teknologi Informasi,2023,2.78,farah.maulana@gmail.com,088299791422
2300599,Budi Nugroho,Sistem Informasi,2020,3.46,budi.nugroho@gmail.com,084438609288
2300600,Intan Sari,Teknologi Informasi,2021,2.89,intan.sari@gmail.com,082922814609
2300601,Rizky Purnama,Teknik Komputer,2020,3.71,rizky.purnama@gmail.com,083111254019
2300602,Farah Kusuma,Teknik Komputer,2025,2.64,farah.kusuma@gmail.com,086867660784
2300603,Putri Hidayat,Ilmu Komputer,2021,3.41,putri.hidayat@gmail.com,082559599534
2300604,Yoga Wijaya,Sistem Informasi,2022,3.36,yoga.wijaya@gmail.com,084163461242
2300605,Rafi Pratama,Teknik Komputer,2023,3.72,rafi.pratama@gmail.com,086701402038
2300606,Rahma Putra,Sistem Informasi,2023,3.7,rahma.putra@gmail.com,089048409653
2300607,Nanda Ramadhan,Teknologi Informasi,2023,3.84,nanda.ramadhan@gmail.com,085207997058
2300608,Kevin Kusuma,Teknologi Informasi,2022,2.72,kevin.kusuma@gmail.com,088760418505
2300609,Nanda Saputra,Teknik Komputer,2020,2.71,nanda.saputra@gmail.com,087713767831
2300610,Yoga Wijaya,Ilmu Komputer,2024,2.75,yoga.wijaya@gmail.com,087178899844
2300611,Intan Hidayat,Ilmu Komputer,2025,3.35,intan.hidayat@gmail.com,086237759982
2300612,Siti Ananda,Teknologi Informasi,2020,3.53,siti.ananda@gmail.com,083863332622
2300613,Fajar Wijaya,Teknologi Informasi,2025,3.58,fajar.wijaya@gmail.com,086813580469
2300614,Dimas Kusuma,Sistem Informasi,2022,3.39,dimas.kusuma@gmail.com,084564217210
2300615,Intan Wijaya,Teknologi Informasi,2024,3.44,intan.wijaya@gmail.com,082403430480
2300616,Budi Nugroho,Sistem Informasi,2025,3.44,budi.nugroho@gmail.com,086930347544
2300617,Yoga Lestari,Teknik Informatika,2022,3.85,yoga.lestari@gmail.com,084048164407
2300618,Andi Purnama,Ilmu Komputer,2021,3.46,andi.purnama@gmail.com,089359167265
2300619,Yoga Purnama,Sistem Informasi,2022,3.34,yoga.purnama@gmail.com,082866903625
2300620,Nabila Putra,Teknologi Informasi,2025,3.11,nabila.putra@gmail.com,088931332819
2300621,Rahma Putra,Teknik Komputer,2025,3.32,rahma.putra@gmail.com,085017587489
2300622,Rafi Putra,Ilmu Komputer,2022,3.96,rafi.putra@gmail.com,085918676076
2300623,Intan Nugroho,Teknik Informatika,2024,2.7,intan.nugroho@gmail.com,087953093602
2300624,Andi Purnama,Teknik Informatika,2025,3.0,andi.purnama@gmail.com,089546445830
2300625,Arif Purnama,Ilmu Komputer,2025,2.67,arif.purnama@gmail.com,086145652281
2300626,Nabila Putra,Teknik Informatika,2020,3.59,nabila.putra@gmail.com,083515999766
2300627,Farah Saputra,Ilmu Komputer,2023,3.39,farah.saputra@gmail.com,082253974669
2300628,Farah Nugroho,Ilmu Komputer,2023,3.55,farah.nugroho@gmail.com,081662772140
2300629,Arif Maulana,Sistem Informasi,2021,2.92,arif.maulana@gmail.com,083965939274
2300630,Yoga Ramadhan,Teknik Informatika,2021,3.58,yoga.ramadhan@gmail.com,089007504626
2300631,Nanda Sari,Teknik Komputer,2025,3.48,nanda.sari@gmail.com,087865135616
2300632,Nanda Wijaya,Teknik Informatika,2023,3.02,nanda.wijaya@gmail.com,089707867236
2300633,Dimas Sari,Teknik Informatika,2021,3.43,dimas.sari@gmail.com,089499110400
2300634,Dimas Kusuma,Teknologi Informasi,2022,3.96,dimas.kusuma@gmail.com,087103171124
2300635,Aditya Lestari,Sistem Informasi,2025,2.95,aditya.lestari@gmail.com,082307888129
2300636,Dinda Ananda,Teknik Informatika,2020,3.72,dinda.ananda@gmail.com,084920782182
2300637,Rina Maulana,Ilmu Komputer,2024,3.75,rina.maulana@gmail.com,088957149491
2300638,Intan Ramadhan,Ilmu Komputer,2021,3.66,intan.ramadhan@gmail.com,089428378323
2300639,Budi Ananda,Sistem Informasi,2025,3.36,budi.ananda@gmail.com,084442362555
2300640,Siti Lestari,Teknik Komputer,2022,2.65,siti.lestari@gmail.com,089971008231
2300641,Siti Nugroho,Ilmu Komputer,2024,2.55,siti.nugroho@gmail.com,086468246593
2300642,Rafi Putra,Teknik Informatika,2021,2.58,rafi.putra@gmail.com,082223677018
2300643,Rafi Putra,Teknik Informatika,2021,3.92,rafi.putra@gmail.com,087654414364
2300644,Siti Nugroho,Teknologi Informasi,2025,3.57,siti.nugroho@gmail.com,083766832515
2300645,Fajar Kusuma,Teknik Komputer,2025,2.71,fajar.kusuma@gmail.com,084493651065
2300646,Arif Sari,Teknologi Informasi,2025,3.6,arif.sari@gmail.com,086039269511
2300647,Fajar Wijaya,Teknik Komputer,2025,3.41,fajar.wijaya@gmail.com,087133248475
2300648,Nanda Pratama,Teknik Komputer,2021,2.85,nanda.pratama@gmail.com,087776717308
2300649,Rafi Putra,Teknik Informatika,2022,3.32,rafi.putra@gmail.com,086717077112
2300650,Yoga Pratama,Ilmu Komputer,2024,2.6,yoga.pratama@gmail.com,085424836469
2300651,Rafi Lestari,Sistem Informasi,2022,3.96,rafi.lestari@gmail.com,087682170679
2300652,Nabila Wijaya,Sistem Informasi,2024,3.98,nabila.wijaya@gmail.com,083867273068
2300653,Siti Permata,Sistem Informasi,2022,3.68,siti.permata@gmail.com,083671404994
2300654,Fajar Lestari,Teknologi Informasi,2020,3.84,fajar.lestari@gmail.com,085702083312
2300655,Dinda Nugroho,Teknik Informatika,2020,3.95,dinda.nugroho@gmail.com,085945603865
2300656,Intan Nugroho,Teknik Komputer,2023,3.02,intan.nugroho@gmail.com,089548948533
2300657,Nanda Putra,Teknik Komputer,2022,2.98,nanda.putra@gmail.com,089219751774
2300658,Dimas Hidayat,Teknologi Informasi,2020,3.33,dimas.hidayat@gmail.com,088712928278
2300659,Aulia Lestari,Ilmu Komputer,2024,3.86,aulia.lestari@gmail.com,086599302708
2300660,Kevin Wijaya,Sistem Informasi,2020,2.62,kevin.wijaya@gmail.com,086823322432
2300661,Dimas Pratama,Teknologi Informasi,2020,2.88,dimas.pratama@gmail.com,086815770167
2300662,Rafi Lestari,Teknik Informatika,2022,2.93,rafi.lestari@gmail.com,086705835380
2300663,Fajar Nugroho,Teknik Informatika,2022,2.89,fajar.nugroho@gmail.com,083507472438
2300664,Rina Wijaya,Sistem Informasi,2023,3.58,rina.wijaya@gmail.com,081679599644
2300665,Fajar Ramadhan,Teknik Informatika,2024,2.73,fajar.ramadhan@gmail.com,089196045319
2300666,Intan Purnama,Teknik Komputer,2020,2.76,intan.purnama@gmail.com,081603569319
2300667,Dimas Purnama,Teknik Informatika,2025,3.71,dimas.purnama@gmail.com,083030033952
2300668,Nabila Lestari,Ilmu Komputer,2023,2.84,nabila.lestari@gmail.com,086036748280
2300669,Nanda Purnama,Ilmu Komputer,2024,2.95,nanda.purnama@gmail.com,087553320167
2300670,Putri Sari,Teknologi Informasi,2021,2.97,putri.sari@gmail.com,083019469694
2300671,Rafi Putra,Teknik Komputer,2025,2.53,rafi.putra@gmail.com,088593172956
2300672,Dimas Permata,Teknik Komputer,2020,3.28,dimas.permata@gmail.com,086523254409
2300673,Aulia Kusuma,Teknologi Informasi,2020,2.58,aulia.kusuma@gmail.com,088556420659
2300674,Intan Kusuma,Sistem Informasi,2025,3.9,intan.kusuma@gmail.com,089502580090
2300675,Yoga Pratama,Teknologi Informasi,2024,2.73,yoga.pratama@gmail.com,087009875841
2300676,Dinda Pratama,Sistem Informasi,2024,2.59,dinda.pratama@gmail.com,081987054341
2300677,Intan Kusuma,Teknik Komputer,2024,3.84,intan.kusuma@gmail.com,082610438663
2300678,Andi Kusuma,Teknik Informatika,2021,2.54,andi.kusuma@gmail.com,087405311945
2300679,Aditya Permata,Teknik Komputer,2025,2.74,aditya.permata@gmail.com,087520062855
2300680,Aulia Wijaya,Teknologi Informasi,2023,3.71,aulia.wijaya@gmail.com,084524974371
2300681,Kevin Saputra,Sistem Informasi,2021,2.55,kevin.saputra@gmail.com,089579687052
2300682,Intan Maulana,Teknik Komputer,2022,2.56,intan.maulana@gmail.com,089772380729
2300683,Andi Wijaya,Teknologi Informasi,2024,2.64,andi.wijaya@gmail.com,089897850072
2300684,Putri Sari,Ilmu Komputer,2023,2.98,putri.sari@gmail.com,083684517040
2300685,Aulia Putra,Teknik Informatika,2022,3.56,aulia.putra@gmail.com,087504823446
2300686,Andi Ananda,Sistem Informasi,2023,3.17,andi.ananda@gmail.com,085357836584
2300687,Rafi Sari,Teknologi Informasi,2023,3.56,rafi.sari@gmail.com,081401274134
2300688,Dinda Nugroho,Teknik Komputer,2022,3.74,dinda.nugroho@gmail.com,089816397388
2300689,Rizky Purnama,Teknik Informatika,2022,2.5,rizky.purnama@gmail.com,089399525733
2300690,Andi Ramadhan,Teknologi Informasi,2025,3.04,andi.ramadhan@gmail.com,083503055786
2300691,Dimas Kusuma,Teknik Informatika,2025,3.66,dimas.kusuma@gmail.com,088101207917
2300692,Farah Ananda,Sistem Informasi,2021,2.67,farah.ananda@gmail.com,082184957719
2300693,Andi Lestari,Ilmu Komputer,2024,3.04,andi.lestari@gmail.com,088727361413
2300694,Rizky Lestari,Teknologi Informasi,2023,2.56,rizky.lestari@gmail.com,082377856337
2300695,Rafi Permata,Teknologi Informasi,2021,2.65,rafi.permata@gmail.com,089296838386
2300696,Arif Hidayat,Teknik Informatika,2024,3.29,arif.hidayat@gmail.com,082043483656
2300697,Dimas Ananda,Ilmu Komputer,2021,3.6,dimas.ananda@gmail.com,083848901677
2300698,Siti Putra,Teknik Komputer,2024,2.69,siti.putra@gmail.com,088807163383
2300699,Fajar Kusuma,Sistem Informasi,2022,2.68,fajar.kusuma@gmail.com,087545359596
2300700,Farah Permata,Teknik Komputer,2020,2.54,farah.permata@gmail.com,086107270934
2300701,Nanda Purnama,Teknik Komputer,2023,2.86,nanda.purnama@gmail.com,089875697448
2300702,Aditya Nugroho,Teknik Komputer,2025,2.69,aditya.nugroho@gmail.com,085948236112
2300703,Siti Purnama,Teknik Komputer,2020,2.72,siti.purnama@gmail.com,086081076659
2300704,Rahma Hidayat,Ilmu Komputer,2021,3.99,rahma.hidayat@gmail.com,082472214885
2300705,Rina Purnama,Sistem Informasi,2024,3.29,rina.purnama@gmail.com,087938317574
2300706,Dimas Ananda,Teknik Komputer,2023,3.14,dimas.ananda@gmail.com,082666253593
2300707,Fajar Sari,Teknik Informatika,2021,3.05,fajar.sari@gmail.com,086745049223
2300708,Farah Nugroho,Teknik Informatika,2023,3.24,farah.nugroho@gmail.com,085583252604
2300709,Intan Putra,Sistem Informasi,2020,3.89,intan.putra@gmail.com,089283107018
2300710,Rizky Hidayat,Sistem Informasi,2023,3.91,rizky.hidayat@gmail.com,086439005628
2300711,Arif Sari,Teknik Informatika,2023,3.77,arif.sari@gmail.com,084774653794
2300712,Yoga Nugroho,Teknologi Informasi,2022,3.75,yoga.nugroho@gmail.com,083904358770
2300713,Rina Kusuma,Sistem Informasi,2021,3.23,rina.kusuma@gmail.com,087745193093
2300714,Andi Maulana,Ilmu Komputer,2022,3.39,andi.maulana@gmail.com,087935039581
2300715,Aulia Hidayat,Teknologi Informasi,2025,3.87,aulia.hidayat@gmail.com,086433702784
2300716,Putri Lestari,Teknik Komputer,2024,3.97,putri.lestari@gmail.com,082766083294
2300717,Nabila Lestari,Teknologi Informasi,2021,3.74,nabila.lestari@gmail.com,089770962527
2300718,Putri Ramadhan,Teknik Informatika,2021,3.85,putri.ramadhan@gmail.com,081920275528
2300719,Intan Ramadhan,Teknik Informatika,2021,3.63,intan.ramadhan@gmail.com,083554775403
2300720,Rina Kusuma,Teknik Komputer,2024,3.2,rina.kusuma@gmail.com,087597298300
2300721,Intan Nugroho,Teknik Komputer,2021,3.41,intan.nugroho@gmail.com,082890368627
2300722,Nanda Saputra,Ilmu Komputer,2020,3.75,nanda.saputra@gmail.com,083031479339
2300723,Kevin Sari,Teknik Komputer,2024,3.5,kevin.sari@gmail.com,089548021475
2300724,Kevin Ananda,Ilmu Komputer,2022,2.93,kevin.ananda@gmail.com,083858898719
2300725,Arif Saputra,Ilmu Komputer,2024,3.09,arif.saputra@gmail.com,081418467540
2300726,Nanda Saputra,Teknik Informatika,2020,3.55,nanda.saputra@gmail.com,082063401561
2300727,Rina Putra,Teknologi Informasi,2020,3.69,rina.putra@gmail.com,087330397090
2300728,Farah Putra,Ilmu Komputer,2022,2.82,farah.putra@gmail.com,087867505987
2300729,Budi Sari,Teknik Komputer,2021,3.29,budi.sari@gmail.com,087773255418
2300730,Dimas Ramadhan,Teknologi Informasi,2022,2.97,dimas.ramadhan@gmail.com,087353980074
2300731,Yoga Maulana,Teknik Informatika,2020,3.37,yoga.maulana@gmail.com,085085249842
2300732,Kevin Maulana,Teknik Komputer,2024,3.29,kevin.maulana@gmail.com,088212558946
2300733,Nabila Putra,Ilmu Komputer,2023,3.02,nabila.putra@gmail.com,085004273706
2300734,Intan Putra,Sistem Informasi,2025,3.47,intan.putra@gmail.com,089637349251
2300735,Budi Nugroho,Teknologi Informasi,2022,3.83,budi.nugroho@gmail.com,086380613892
2300736,Arif Wijaya,Teknologi Informasi,2025,3.29,arif.wijaya@gmail.com,088016580850
2300737,Fajar Permata,Teknologi Informasi,2020,3.38,fajar.permata@gmail.com,087470337485
2300738,Budi Kusuma,Teknik Informatika,2021,3.7,budi.kusuma@gmail.com,083109535112
2300739,Budi Putra,Teknik Informatika,2023,3.08,budi.putra@gmail.com,089158886152
2300740,Kevin Ramadhan,Ilmu Komputer,2020,3.75,kevin.ramadhan@gmail.com,085334015109
2300741,Andi Lestari,Teknologi Informasi,2021,3.07,andi.lestari@gmail.com,087212909687
2300742,Yoga Hidayat,Teknik Informatika,2023,2.68,yoga.hidayat@gmail.com,084975809831
2300743,Fajar Permata,Teknik Informatika,2023,2.96,fajar.permata@gmail.com,085221321095
2300744,Arif Pratama,Teknik Komputer,2025,3.91,arif.pratama@gmail.com,084593978711
2300745,Intan Permata,Teknologi Informasi,2023,3.86,intan.permata@gmail.com,082040146037
2300746,Fajar Kusuma,Teknik Informatika,2025,2.95,fajar.kusuma@gmail.com,082073721989
2300747,Budi Ramadhan,Ilmu Komputer,2024,3.12,budi.ramadhan@gmail.com,088362009056
2300748,Rafi Kusuma,Ilmu Komputer,2022,3.17,rafi.kusuma@gmail.com,087366734429
2300749,Dimas Sari,Sistem Informasi,2025,3.46,dimas.sari@gmail.com,084136445082
2300750,Budi Sari,Sistem Informasi,2024,3.32,budi.sari@gmail.com,088874665955
2300751,Dimas Purnama,Teknik Komputer,2020,3.42,dimas.purnama@gmail.com,081462444347
2300752,Dinda Permata,Teknik Komputer,2022,3.27,dinda.permata@gmail.com,082953246535
2300753,Rahma Saputra,Ilmu Komputer,2023,3.28,rahma.saputra@gmail.com,082188557398
2300754,Fajar Hidayat,Teknik Informatika,2021,2.76,fajar.hidayat@gmail.com,089206999217
2300755,Putri Pratama,Teknologi Informasi,2022,3.82,putri.pratama@gmail.com,089316981429
2300756,Nanda Lestari,Sistem Informasi,2022,3.91,nanda.lestari@gmail.com,081554103687
2300757,Aditya Wijaya,Teknik Informatika,2024,2.85,aditya.wijaya@gmail.com,088257119328
2300758,Andi Pratama,Sistem Informasi,2020,2.86,andi.pratama@gmail.com,086709396482
2300759,Nabila Wijaya,Ilmu Komputer,2024,3.28,nabila.wijaya@gmail.com,082605672747
2300760,Aditya Hidayat,Teknik Komputer,2024,2.77,aditya.hidayat@gmail.com,083639657502
2300761,Farah Purnama,Teknik Informatika,2025,2.97,farah.purnama@gmail.com,083926937567
2300762,Rahma Saputra,Ilmu Komputer,2025,3.06,rahma.saputra@gmail.com,082034364173
2300763,Rizky Ramadhan,Sistem Informasi,2023,3.28,rizky.ramadhan@gmail.com,085160847137
2300764,Aulia Pratama,Teknik Komputer,2021,3.63,aulia.pratama@gmail.com,081305549452
2300765,Aulia Kusuma,Teknik Komputer,2024,2.75,aulia.kusuma@gmail.com,087971877540
2300766,Yoga Putra,Teknik Informatika,2022,3.73,yoga.putra@gmail.com,087471025683
2300767,Budi Kusuma,Sistem Informasi,2023,3.4,budi.kusuma@gmail.com,088929936643
2300768,Nanda Hidayat,Teknik Informatika,2025,2.75,nanda.hidayat@gmail.com,082745190523
2300769,Dimas Sari,Ilmu Komputer,2023,3.29,dimas.sari@gmail.com,087140768071
2300770,Nabila Permata,Sistem Informasi,2020,3.23,nabila.permata@gmail.com,087658936695
2300771,Andi Kusuma,Teknologi Informasi,2023,3.86,andi.kusuma@gmail.com,082179331298
2300772,Aditya Wijaya,Teknik Komputer,2024,2.69,aditya.wijaya@gmail.com,081563957969
2300773,Siti Nugroho,Teknik Komputer,2024,2.92,siti.nugroho@gmail.com,089641841796
2300774,Arif Putra,Teknik Informatika,2024,3.49,arif.putra@gmail.com,083883566413
2300775,Aulia Pratama,Sistem Informasi,2024,3.56,aulia.pratama@gmail.com,089541863549
2300776,Farah Ananda,Ilmu Komputer,2021,2.86,farah.ananda@gmail.com,088467366502
2300777,Dimas Kusuma,Ilmu Komputer,2025,4.0,dimas.kusuma@gmail.com,084143908775
2300778,Yoga Saputra,Teknik Informatika,2025,2.95,yoga.saputra@gmail.com,086123964846
2300779,Intan Maulana,Teknologi Informasi,2020,3.45,intan.maulana@gmail.com,087611322846
2300780,Siti Wijaya,Teknologi Informasi,2024,3.47,siti.wijaya@gmail.com,083705747911
2300781,Kevin Lestari,Ilmu Komputer,2021,3.26,kevin.lestari@gmail.com,082177323766
2300782,Fajar Ananda,Teknik Informatika,2023,3.23,fajar.ananda@gmail.com,089537556491
2300783,Arif Saputra,Ilmu Komputer,2024,3.19,arif.saputra@gmail.com,086682175080
2300784,Dimas Ramadhan,Teknik Komputer,2025,3.11,dimas.ramadhan@gmail.com,087153934365
2300785,Intan Sari,Teknologi Informasi,2020,3.97,intan.sari@gmail.com,082167624622
2300786,Farah Ramadhan,Teknik Informatika,2021,2.71,farah.ramadhan@gmail.com,088406372635
2300787,Nanda Putra,Teknologi Informasi,2024,2.8,nanda.putra@gmail.com,087177112068
2300788,Nabila Ramadhan,Teknik Komputer,2021,3.46,nabila.ramadhan@gmail.com,083637432116
2300789,Fajar Lestari,Teknik Informatika,2022,2.77,fajar.lestari@gmail.com,084410953076
2300790,Andi Maulana,Teknik Informatika,2021,3.38,andi.maulana@gmail.com,081434111466
2300791,Nabila Hidayat,Teknik Komputer,2024,3.02,nabila.hidayat@gmail.com,084268549440
2300792,Nanda Kusuma,Teknologi Informasi,2025,3.18,nanda.kusuma@gmail.com,089622905938
2300793,Yoga Nugroho,Teknologi Informasi,2022,3.87,yoga.nugroho@gmail.com,084450458320
2300794,Dinda Pratama,Teknik Komputer,2025,3.41,dinda.pratama@gmail.com,086858273326
2300795,Kevin Nugroho,Teknologi Informasi,2024,3.68,kevin.nugroho@gmail.com,088667764808
2300796,Yoga Pratama,Teknik Komputer,2025,3.15,yoga.pratama@gmail.com,085505443240
2300797,Fajar Sari,Ilmu Komputer,2020,2.51,fajar.sari@gmail.com,083435836766
2300798,Yoga Kusuma,Teknologi Informasi,2023,3.35,yoga.kusuma@gmail.com,086518781164
2300799,Rizky Sari,Ilmu Komputer,2024,3.3,rizky.sari@gmail.com,087307944797
2300800,Nanda Purnama,Ilmu Komputer,2025,3.49,nanda.purnama@gmail.com,082165750581
2300801,Fajar Permata,Ilmu Komputer,2022,3.04,fajar.permata@gmail.com,082960126946
2300802,Yoga Sari,Teknik Komputer,2023,2.79,yoga.sari@gmail.com,083151656442
2300803,Rizky Purnama,Teknologi Informasi,2024,3.47,rizky.purnama@gmail.com,081236328305
2300804,Arif Maulana,Teknik Komputer,2023,3.14,arif.maulana@gmail.com,083703531763
2300805,Nabila Sari,Teknologi Informasi,2025,3.99,nabila.sari@gmail.com,083997535728
2300806,Intan Ramadhan,Teknologi Informasi,2023,3.85,intan.ramadhan@gmail.com,081527041980
2300807,Dinda Putra,Teknik Informatika,2025,3.77,dinda.putra@gmail.com,086400480167
2300808,Intan Sari,Teknik Informatika,2022,3.09,intan.sari@gmail.com,083369325481
2300809,Dinda Putra,Teknologi Informasi,2025,3.46,dinda.putra@gmail.com,088653165990
2300810,Nabila Saputra,Teknik Informatika,2025,3.01,nabila.saputra@gmail.com,083742083645
2300811,Dinda Putra,Ilmu Komputer,2022,2.71,dinda.putra@gmail.com,089554904234
2300812,Putri Hidayat,Teknik Komputer,2023,3.07,putri.hidayat@gmail.com,089774805806
2300813,Aditya Saputra,Ilmu Komputer,2024,2.68,aditya.saputra@gmail.com,083643509863
2300814,Farah Purnama,Teknik Komputer,2023,3.21,farah.purnama@gmail.com,086579808401
2300815,Rahma Saputra,Teknik Komputer,2022,2.89,rahma.saputra@gmail.com,087492665047
2300816,Rina Hidayat,Sistem Informasi,2023,3.81,rina.hidayat@gmail.com,084502461404
2300817,Nabila Purnama,Teknik Komputer,2024,2.54,nabila.purnama@gmail.com,088992701210
2300818,Putri Putra,Teknik Informatika,2022,2.75,putri.putra@gmail.com,084152262190
2300819,Farah Permata,Ilmu Komputer,2021,3.0,farah.permata@gmail.com,082743643453
2300820,Rina Maulana,Teknologi Informasi,2022,3.25,rina.maulana@gmail.com,087629494436
2300821,Arif Hidayat,Sistem Informasi,2025,3.64,arif.hidayat@gmail.com,088991177511
2300822,Rina Lestari,Teknologi Informasi,2024,2.95,rina.lestari@gmail.com,081258475098
2300823,Rina Pratama,Teknik Komputer,2023,3.03,rina.pratama@gmail.com,089451373698
2300824,Arif Ananda,Teknik Informatika,2025,3.12,arif.ananda@gmail.com,083088974213
2300825,Intan Saputra,Teknik Komputer,2020,3.34,intan.saputra@gmail.com,082779535799
2300826,Nanda Sari,Ilmu Komputer,2024,2.52,nanda.sari@gmail.com,088848396045
2300827,Yoga Nugroho,Ilmu Komputer,2025,3.28,yoga.nugroho@gmail.com,089914575259
2300828,Dinda Sari,Sistem Informasi,2024,3.07,dinda.sari@gmail.com,087132757419
2300829,Yoga Putra,Teknik Komputer,2023,3.27,yoga.putra@gmail.com,088146107889
2300830,Aditya Permata,Teknologi Informasi,2024,3.17,aditya.permata@gmail.com,084711427544
2300831,Nanda Wijaya,Sistem Informasi,2025,3.3,nanda.wijaya@gmail.com,083467525287
2300832,Arif Saputra,Sistem Informasi,2023,2.97,arif.saputra@gmail.com,081433418157
2300833,Aulia Hidayat,Teknik Informatika,2020,2.88,aulia.hidayat@gmail.com,087804793645
2300834,Dinda Ramadhan,Ilmu Komputer,2021,3.54,dinda.ramadhan@gmail.com,082682827319
2300835,Farah Ananda,Teknik Informatika,2025,3.76,farah.ananda@gmail.com,088574348712
2300836,Farah Putra,Teknologi Informasi,2020,3.2,farah.putra@gmail.com,081757645627
2300837,Siti Purnama,Teknik Komputer,2021,2.51,siti.purnama@gmail.com,084266649910
2300838,Budi Kusuma,Teknik Informatika,2025,3.12,budi.kusuma@gmail.com,085422483469
2300839,Rizky Sari,Teknik Komputer,2021,3.35,rizky.sari@gmail.com,088430683559
2300840,Dinda Pratama,Ilmu Komputer,2022,2.58,dinda.pratama@gmail.com,084540897182
2300841,Putri Wijaya,Teknik Komputer,2024,3.93,putri.wijaya@gmail.com,081922176863
2300842,Budi Purnama,Teknik Komputer,2022,3.1,budi.purnama@gmail.com,085755472738
2300843,Rina Pratama,Teknik Komputer,2020,2.76,rina.pratama@gmail.com,088450536900
2300844,Nabila Permata,Teknologi Informasi,2024,3.33,nabila.permata@gmail.com,085809515711
2300845,Rina Kusuma,Teknologi Informasi,2022,3.83,rina.kusuma@gmail.com,087955416272
2300846,Rafi Sari,Teknik Komputer,2025,2.55,rafi.sari@gmail.com,083843089963
2300847,Aulia Maulana,Teknik Informatika,2023,3.01,aulia.maulana@gmail.com,087145805320
2300848,Kevin Purnama,Teknik Komputer,2021,2.67,kevin.purnama@gmail.com,083626262251
2300849,Yoga Hidayat,Ilmu Komputer,2023,3.88,yoga.hidayat@gmail.com,087680732559
2300850,Rahma Putra,Ilmu Komputer,2020,2.59,rahma.putra@gmail.com,089459752416
2300851,Arif Hidayat,Teknik Komputer,2025,3.33,arif.hidayat@gmail.com,085139658627
2300852,Siti Maulana,Ilmu Komputer,2021,2.93,siti.maulana@gmail.com,083967763622
2300853,Intan Kusuma,Teknik Komputer,2024,3.68,intan.kusuma@gmail.com,089947048097
2300854,Budi Maulana,Teknik Informatika,2021,2.69,budi.maulana@gmail.com,081914864647
2300855,Rizky Ramadhan,Teknik Komputer,2024,3.79,rizky.ramadhan@gmail.com,082959402669
2300856,Aulia Kusuma,Sistem Informasi,2024,3.75,aulia.kusuma@gmail.com,085344710052
2300857,Fajar Lestari,Ilmu Komputer,2023,3.38,fajar.lestari@gmail.com,082434133570
2300858,Rafi Lestari,Sistem Informasi,2025,3.04,rafi.lestari@gmail.com,087834991582
2300859,Aditya Hidayat,Teknik Komputer,2020,2.95,aditya.hidayat@gmail.com,089521042761
2300860,Aulia Saputra,Teknologi Informasi,2024,3.16,aulia.saputra@gmail.com,086145816764
2300861,Aditya Maulana,Sistem Informasi,2020,2.96,aditya.maulana@gmail.com,088675612675
2300862,Nanda Kusuma,Ilmu Komputer,2023,3.64,nanda.kusuma@gmail.com,086462158163
2300863,Nanda Putra,Ilmu Komputer,2025,3.18,nanda.putra@gmail.com,088196184886
2300864,Rizky Sari,Teknologi Informasi,2023,2.86,rizky.sari@gmail.com,086463568671
2300865,Fajar Putra,Teknik Komputer,2025,3.41,fajar.putra@gmail.com,089636029158
2300866,Rizky Purnama,Sistem Informasi,2020,3.11,rizky.purnama@gmail.com,082480445067
2300867,Rizky Kusuma,Teknologi Informasi,2022,2.95,rizky.kusuma@gmail.com,087868156029
2300868,Rahma Putra,Sistem Informasi,2024,3.98,rahma.putra@gmail.com,083083580767
2300869,Yoga Putra,Teknologi Informasi,2023,2.88,yoga.putra@gmail.com,086491373853
2300870,Aditya Nugroho,Teknik Informatika,2024,2.7,aditya.nugroho@gmail.com,089511939345
2300871,Arif Nugroho,Sistem Informasi,2023,3.51,arif.nugroho@gmail.com,089776909018
2300872,Andi Maulana,Sistem Informasi,2020,3.79,andi.maulana@gmail.com,087469745139
2300873,Putri Wijaya,Teknik Komputer,2021,2.59,putri.wijaya@gmail.com,083641856026
2300874,Rina Putra,Teknik Informatika,2020,3.66,rina.putra@gmail.com,088887588655
2300875,Nabila Permata,Teknologi Informasi,2025,2.65,nabila.permata@gmail.com,083451460064
2300876,Fajar Ramadhan,Ilmu Komputer,2023,3.11,fajar.ramadhan@gmail.com,086565932225
2300877,Dimas Permata,Teknologi Informasi,2021,2.66,dimas.permata@gmail.com,085869382740
2300878,Arif Pratama,Teknologi Informasi,2023,2.73,arif.pratama@gmail.com,085420954485
2300879,Siti Pratama,Teknik Komputer,2020,3.97,siti.pratama@gmail.com,081433663017
2300880,Fajar Ananda,Teknologi Informasi,2023,3.76,fajar.ananda@gmail.com,081564090148
2300881,Nanda Maulana,Teknologi Informasi,2020,2.81,nanda.maulana@gmail.com,086425659175
2300882,Dinda Sari,Teknik Komputer,2022,2.53,dinda.sari@gmail.com,088020047054
2300883,Intan Lestari,Sistem Informasi,2023,3.02,intan.lestari@gmail.com,082740193994
2300884,Andi Ramadhan,Teknologi Informasi,2022,3.05,andi.ramadhan@gmail.com,089140974696
2300885,Andi Lestari,Ilmu Komputer,2020,3.48,andi.lestari@gmail.com,082088602940
2300886,Rahma Permata,Sistem Informasi,2022,2.98,rahma.permata@gmail.com,085923145237
2300887,Dinda Hidayat,Sistem Informasi,2022,3.47,dinda.hidayat@gmail.com,088202917369
2300888,Aulia Ramadhan,Sistem Informasi,2021,2.69,aulia.ramadhan@gmail.com,083438743869
2300889,Nanda Sari,Teknik Informatika,2020,2.78,nanda.sari@gmail.com,088583451999
2300890,Rina Putra,Teknik Informatika,2022,3.78,rina.putra@gmail.com,088474914041
2300891,Rizky Pratama,Ilmu Komputer,2023,2.71,rizky.pratama@gmail.com,088601907631
2300892,Budi Purnama,Ilmu Komputer,2024,2.63,budi.purnama@gmail.com,082137377891
2300893,Rafi Ramadhan,Teknik Informatika,2021,2.99,rafi.ramadhan@gmail.com,088348962965
2300894,Nanda Maulana,Ilmu Komputer,2020,2.93,nanda.maulana@gmail.com,083779867948
2300895,Budi Wijaya,Ilmu Komputer,2025,3.89,budi.wijaya@gmail.com,085087468511
2300896,Rizky Nugroho,Teknik Informatika,2023,3.99,rizky.nugroho@gmail.com,088433757876
2300897,Arif Purnama,Teknologi Informasi,2025,3.3,arif.purnama@gmail.com,082319052410
2300898,Rahma Permata,Teknik Informatika,2020,3.79,rahma.permata@gmail.com,089299304467
2300899,Budi Putra,Teknologi Informasi,2021,2.94,budi.putra@gmail.com,085263198538
2300900,Intan Nugroho,Teknik Komputer,2021,3.72,intan.nugroho@gmail.com,086156643099
2300901,Rizky Wijaya,Teknik Informatika,2024,3.06,rizky.wijaya@gmail.com,089264028102
2300902,Intan Putra,Teknologi Informasi,2025,3.88,intan.putra@gmail.com,081899837556
2300903,Budi Kusuma,Teknik Komputer,2021,2.51,budi.kusuma@gmail.com,086182696385
2300904,Arif Ananda,Teknologi Informasi,2025,3.87,arif.ananda@gmail.com,086382288114
2300905,Siti Kusuma,Sistem Informasi,2021,3.34,siti.kusuma@gmail.com,084318641028
2300906,Andi Wijaya,Ilmu Komputer,2021,2.64,andi.wijaya@gmail.com,083808323847
2300907,Kevin Nugroho,Teknik Komputer,2024,3.53,kevin.nugroho@gmail.com,089540166206
2300908,Intan Wijaya,Teknik Informatika,2021,2.64,intan.wijaya@gmail.com,089517752397
2300909,Yoga Ramadhan,Sistem Informasi,2022,3.23,yoga.ramadhan@gmail.com,085290574263
2300910,Rahma Nugroho,Teknologi Informasi,2023,3.42,rahma.nugroho@gmail.com,082466738364
2300911,Farah Pratama,Teknologi Informasi,2024,3.02,farah.pratama@gmail.com,089651452852
2300912,Nanda Sari,Teknologi Informasi,2022,2.61,nanda.sari@gmail.com,087686637362
2300913,Dimas Permata,Sistem Informasi,2023,3.25,dimas.permata@gmail.com,081915905199
2300914,Dimas Putra,Teknologi Informasi,2025,3.75,dimas.putra@gmail.com,082979721897
2300915,Aulia Pratama,Sistem Informasi,2025,2.79,aulia.pratama@gmail.com,087605496883
2300916,Farah Pratama,Sistem Informasi,2021,2.96,farah.pratama@gmail.com,085098990009
2300917,Rafi Hidayat,Teknologi Informasi,2021,3.27,rafi.hidayat@gmail.com,085022535835
2300918,Fajar Maulana,Teknik Komputer,2021,3.91,fajar.maulana@gmail.com,086401005659
2300919,Dinda Pratama,Ilmu Komputer,2023,3.26,dinda.pratama@gmail.com,089298806841
2300920,Andi Purnama,Teknik Komputer,2023,3.02,andi.purnama@gmail.com,087130909402
2300921,Budi Kusuma,Ilmu Komputer,2020,3.79,budi.kusuma@gmail.com,081677107613
2300922,Intan Wijaya,Teknik Komputer,2021,3.12,intan.wijaya@gmail.com,084438782395
2300923,Budi Nugroho,Teknik Komputer,2024,3.16,budi.nugroho@gmail.com,089105906793
2300924,Budi Permata,Teknik Komputer,2021,2.84,budi.permata@gmail.com,089906463300
2300925,Dinda Permata,Teknik Komputer,2020,3.49,dinda.permata@gmail.com,086051685428
2300926,Yoga Hidayat,Ilmu Komputer,2025,3.65,yoga.hidayat@gmail.com,082621308911
2300927,Nabila Nugroho,Teknik Informatika,2022,3.39,nabila.nugroho@gmail.com,085646828374
2300928,Farah Ananda,Sistem Informasi,2020,3.48,farah.ananda@gmail.com,085914691625
2300929,Rina Putra,Ilmu Komputer,2023,2.74,rina.putra@gmail.com,088924491574
2300930,Siti Ramadhan,Teknik Komputer,2022,3.35,siti.ramadhan@gmail.com,086829159266
2300931,Andi Sari,Teknologi Informasi,2024,3.42,andi.sari@gmail.com,088478179716
2300932,Rafi Ananda,Teknik Komputer,2025,3.85,rafi.ananda@gmail.com,087376258359
2300933,Andi Sari,Sistem Informasi,2020,3.43,andi.sari@gmail.com,085524595238
2300934,Intan Kusuma,Teknik Komputer,2022,3.59,intan.kusuma@gmail.com,087371531543
2300935,Aditya Lestari,Teknik Komputer,2025,3.13,aditya.lestari@gmail.com,088844847531
2300936,Rina Nugroho,Teknik Komputer,2020,2.6,rina.nugroho@gmail.com,083739050673
2300937,Putri Wijaya,Teknik Komputer,2021,2.73,putri.wijaya@gmail.com,084266399756
2300938,Aditya Kusuma,Sistem Informasi,2024,3.37,aditya.kusuma@gmail.com,083583539911
2300939,Rahma Wijaya,Teknologi Informasi,2025,3.9,rahma.wijaya@gmail.com,084528151544
2300940,Andi Purnama,Teknik Komputer,2025,3.59,andi.purnama@gmail.com,085675361488
2300941,Fajar Putra,Teknologi Informasi,2021,2.63,fajar.putra@gmail.com,087250285436
2300942,Andi Pratama,Ilmu Komputer,2025,3.81,andi.pratama@gmail.com,088056081951
2300943,Dinda Wijaya,Sistem Informasi,2025,2.91,dinda.wijaya@gmail.com,085727391329
2300944,Arif Ananda,Ilmu Komputer,2022,3.76,arif.ananda@gmail.com,081843534853
2300945,Yoga Sari,Teknologi Informasi,2021,2.92,yoga.sari@gmail.com,086932285088
2300946,Rina Wijaya,Teknik Komputer,2022,3.28,rina.wijaya@gmail.com,085154536278
2300947,Rafi Nugroho,Sistem Informasi,2023,3.46,rafi.nugroho@gmail.com,089656015215
2300948,Yoga Pratama,Teknik Komputer,2025,3.51,yoga.pratama@gmail.com,082315032450
2300949,Aditya Permata,Teknik Komputer,2023,2.79,aditya.permata@gmail.com,083152833230
2300950,Nanda Purnama,Teknik Informatika,2023,3.96,nanda.purnama@gmail.com,088754290032
2300951,Putri Nugroho,Teknik Komputer,2024,2.59,putri.nugroho@gmail.com,086471264303
2300952,Aditya Saputra,Teknik Komputer,2020,2.81,aditya.saputra@gmail.com,084124408280
2300953,Rahma Ramadhan,Teknik Informatika,2025,3.8,rahma.ramadhan@gmail.com,089641666997
2300954,Farah Sari,Teknik Informatika,2021,3.58,farah.sari@gmail.com,089786881180
2300955,Rahma Wijaya,Teknologi Informasi,2020,3.23,rahma.wijaya@gmail.com,089761607371
2300956,Nanda Permata,Teknik Informatika,2025,3.36,nanda.permata@gmail.com,082268420944
2300957,Farah Ramadhan,Ilmu Komputer,2021,2.92,farah.ramadhan@gmail.com,083801364648
2300958,Arif Wijaya,Teknik Informatika,2022,3.46,arif.wijaya@gmail.com,083360730471
2300959,Nanda Permata,Teknik Informatika,2024,2.63,nanda.permata@gmail.com,087065667573
2300960,Yoga Maulana,Teknik Komputer,2020,3.28,yoga.maulana@gmail.com,088981112159
2300961,Farah Lestari,Teknik Informatika,2024,2.54,farah.lestari@gmail.com,084097487656
2300962,Andi Wijaya,Sistem Informasi,2024,3.56,andi.wijaya@gmail.com,085771923738
2300963,Rizky Permata,Ilmu Komputer,2022,3.58,rizky.permata@gmail.com,083150113803
2300964,Budi Purnama,Teknik Informatika,2025,3.48,budi.purnama@gmail.com,081116882164
2300965,Rahma Hidayat,Teknik Komputer,2021,3.52,rahma.hidayat@gmail.com,089780407042
2300966,Aditya Permata,Sistem Informasi,2021,3.35,aditya.permata@gmail.com,088108314334
2300967,Dimas Permata,Ilmu Komputer,2024,2.91,dimas.permata@gmail.com,084260632852
2300968,Kevin Sari,Teknologi Informasi,2021,3.08,kevin.sari@gmail.com,085157882949
2300969,Rina Sari,Ilmu Komputer,2021,3.67,rina.sari@gmail.com,086873466760
2300970,Nanda Pratama,Sistem Informasi,2020,3.09,nanda.pratama@gmail.com,086091594703
2300971,Dimas Ramadhan,Ilmu Komputer,2023,3.92,dimas.ramadhan@gmail.com,083090997949
2300972,Arif Wijaya,Teknik Informatika,2023,3.57,arif.wijaya@gmail.com,088310041997
2300973,Yoga Maulana,Ilmu Komputer,2023,2.64,yoga.maulana@gmail.com,088547993982
2300974,Rina Wijaya,Teknologi Informasi,2021,2.81,rina.wijaya@gmail.com,082457889911
2300975,Aulia Permata,Sistem Informasi,2025,3.18,aulia.permata@gmail.com,085711271672
2300976,Farah Hidayat,Teknik Informatika,2022,3.0,farah.hidayat@gmail.com,083994340697
2300977,Fajar Pratama,Sistem Informasi,2021,3.63,fajar.pratama@gmail.com,084743609446
2300978,Rahma Saputra,Teknik Informatika,2024,3.12,rahma.saputra@gmail.com,087627602202
2300979,Fajar Putra,Sistem Informasi,2022,2.74,fajar.putra@gmail.com,086458550621
2300980,Budi Hidayat,Teknik Komputer,2024,3.13,budi.hidayat@gmail.com,084255895992
2300981,Aditya Kusuma,Teknik Komputer,2021,3.87,aditya.kusuma@gmail.com,085703600261
2300982,Farah Kusuma,Ilmu Komputer,2020,3.61,farah.kusuma@gmail.com,086117282008
2300983,Yoga Saputra,Teknologi Informasi,2024,3.43,yoga.saputra@gmail.com,082559284082
2300984,Budi Pratama,Teknik Informatika,2022,2.65,budi.pratama@gmail.com,082326161039
2300985,Dimas Maulana,Ilmu Komputer,2025,3.38,dimas.maulana@gmail.com,082103569912
2300986,Intan Saputra,Teknologi Informasi,2025,2.77,intan.saputra@gmail.com,089506873301
2300987,Kevin Lestari,Sistem Informasi,2023,2.65,kevin.lestari@gmail.com,086062762327
2300988,Nabila Nugroho,Sistem Informasi,2023,3.86,nabila.nugroho@gmail.com,083434609238
2300989,Putri Lestari,Teknik Komputer,2022,3.57,putri.lestari@gmail.com,084112833194
2300990,Rafi Maulana,Ilmu Komputer,2020,3.41,rafi.maulana@gmail.com,085428903197
2300991,Rafi Nugroho,Sistem Informasi,2020,3.32,rafi.nugroho@gmail.com,082677342190
2300992,Yoga Lestari,Teknik Informatika,2021,3.58,yoga.lestari@gmail.com,086688363244
2300993,Arif Purnama,Sistem Informasi,2023,2.65,arif.purnama@gmail.com,082648563262
2300994,Fajar Purnama,Sistem Informasi,2025,3.15,fajar.purnama@gmail.com,084709423526
2300995,Siti Maulana,Sistem Informasi,2022,2.85,siti.maulana@gmail.com,087966181978
2300996,Aditya Hidayat,Ilmu Komputer,2025,3.28,aditya.hidayat@gmail.com,086772237614
2300997,Putri Permata,Sistem Informasi,2020,3.76,putri.permata@gmail.com,089154662342
2300998,Andi Putra,Ilmu Komputer,2021,3.61,andi.putra@gmail.com,088314142866
2300999,Aulia Wijaya,Teknik Informatika,2024,3.39,aulia.wijaya@gmail.com,087615859284
241011450222,aditya,teknik informatika,2025,4.0,adityaguanteng@gmail.com,08123456789
